track_id,song_id,artist_id,artist_name,song_title,genre,tfidf_raw_top1,tfidf_raw_top2,tfidf_raw_top3,tfidf_centered_top1,tfidf_centered_top2,tfidf_centered_top3,tfidf_correlation_top1,tfidf_correlation_top2,tfidf_correlation_top3,tfidf_cosine_top1,tfidf_cosine_top2,tfidf_cosine_top3
TRVYEUW128F148C08D,SOFCCWD12AF72A6BC0,ARXPPEY1187FB51DF4,Michael Jackson,All The Things You Are,blues,Happy Boys & Girls,Angel,Being With You,Happy Boys & Girls,Being With You,Baby Be Mine,These Arms Of Mine,Please Baby,Baby Be Mine,These Arms Of Mine,Please Baby,Baby Be Mine
TRCXKPC128F92FD04C,SOEFNXT12AB017E829,ARZENOX1187B98A645,John Mayer,Vultures,blues,Interlude 5,B-Boy Bouillabaisse: A.W.O.L. (2009 Digital Remaster),Honest Expression,Fire and Heights,Mainstream,Never Gonna Give You Up,Never Gonna Give You Up,Fire and Heights,Jerusalem,Fire and Heights,Never Gonna Give You Up,Jerusalem
TRMMALW128F92FD049,SOVUCRS12A58A7D207,ARZENOX1187B98A645,John Mayer,Out Of My Mind,blues,Interlude 5,If I Had,B-Boy Bouillabaisse: A.W.O.L. (2009 Digital Remaster),If I Had,Interlude 5,Say Now,Half Right,Hades Lady,Sad Lover's Waltz,Half Right,If I Had,Half Of My Mistakes
TRJWAJC128F9327C4F,SORMDVX12AB01816AA,ARLMXEA1187B9A7D04,R. Kelly,Hump Bounce,blues,Ear Drums Pop,1st Booty On Duty,B-Boy Bouillabaisse: A.W.O.L. (2009 Digital Remaster),Ear Drums Pop,Let's All Get Drunk,1st Booty On Duty,Here We Go,Don't Stop,Disco,Here We Go,Don't Stop,Here I Am (Come And Take Me)
TRPEBTH128F9327C4D,SOYTJAC12AF729F49D,ARLMXEA1187B9A7D04,R. Kelly,Intro - The Sermon,blues,Interlude 5,Man In The Mirror,Honest Expression,Man In The Mirror,Interlude 5,Honest Expression,The Way It Is,Pass The Mic (Pt. 2_ Skills To Pay The Bills) (2009 Digital Remaster),Oh Well,Pass The Mic (Pt. 2_ Skills To Pay The Bills) (2009 Digital Remaster),Interlude 5,The Way It Is
TRNWHUD128F932E304,SOXUKQZ12AB01860EE,ARXPPEY1187FB51DF4,Michael Jackson,Call On Me,blues,Interlude 5,B-Boy Bouillabaisse: A.W.O.L. (2009 Digital Remaster),Just Right,Just Right,I'm Gon' Change,Oh Baby I,Just Right,Oh Baby I,5:19,Just Right,Oh Baby I,5:19
TRFGGSX128F427A723,SOIBZAN12D02191BAF,ARS8GNX1187B9B5141,The Black Keys,Oceans and Streams,blues,8 Mile,Man In The Mirror,Da Mystery Of Chessboxin',Man In The Mirror,Dreams,Living For Today,What Can I Say,Dreams,Time To Grow,What Can I Say,Time To Grow,Dreams
TRPTCMZ128F9340B09,SOLKOOO12AB018794A,ARS8GNX1187B9B5141,The Black Keys,10 A.M. Automatic,blues,Interlude 5,Hey Ya!,She Ain't Afraid,Hey Ya!,Interlude 5,Alright,Bonin' In The Boneyard,Rockin' Pneumonia,Baby Help Me,Bonin' In The Boneyard,Rockin' Pneumonia,Baby Help Me
TRVKLGW12903CB4523,SOZCSPA12AB0185672,ARS8GNX1187B9B5141,The Black Keys,Aeroplane Blues,blues,Otha Fish,8 Mile,B-Boy Bouillabaisse: A.W.O.L. (2009 Digital Remaster),Land Of The Free,13 Months Of Sunshine,Otha Fish,13 Months Of Sunshine,Sufferin' In The Land,Masters Of Revenge,13 Months Of Sunshine,Sufferin' In The Land,Elephant Clouds
TRFBNZN128F9340B0E,SONGYFE12AB018562D,ARS8GNX1187B9B5141,The Black Keys,All Hands Against His Own,blues,She Got Kids,Brotha,Find A Way,She Got Kids,Brotha,Gehenna,Outside The Trains Don't Run On Time,Brotha,GO,Outside The Trains Don't Run On Time,Brotha,GO
TRBYDKJ12903CA9D33,SOTXSMC12AB0182217,ARS8GNX1187B9B5141,The Black Keys,Black Door,blues,Jeep Ass Niguh,Man In The Mirror,Take Me To The Backseat (Album Version),Jeep Ass Niguh,Man In The Mirror,Take Me To The Backseat (Album Version),Take Me To The Backseat (Album Version),Oh Baby I,Don't Bother Me (Bad Brains),Take Me To The Backseat (Album Version),Jeep Ass Niguh,Oh Baby I
TRWJKJK128F9338FEF,SOIFDQD12AB01822F5,ARS8GNX1187B9B5141,The Black Keys,Busted,blues,B-Boy Bouillabaisse: A.W.O.L. (2009 Digital Remaster),Interlude 5,Slam,Caught Up,Slam Harder,Slam,If Trust Is Broken...,Caught Up,Walk The Proud Land,Caught Up,If Trust Is Broken...,These Boots Are Made For Walkin'
TRUULBP12903CA9D23,SORMOIW12AB01887F0,ARS8GNX1187B9B5141,The Black Keys,Give Your Heart Away,blues,Man In The Mirror,5 Miles To Empty,B-Boy Bouillabaisse: A.W.O.L. (2009 Digital Remaster),Man In The Mirror,5 Miles To Empty,Share My World,Share My World,One Night,Take Me Away,Share My World,Anytime,One Night
TRYYJHJ128F9340B19,SOKGVJH12A58A77920,ARS8GNX1187B9B5141,The Black Keys,Grown So Ugly,blues,Interlude 5,Snoopafella (Edited),Safe + Sound,Snoopafella (Edited),Louise,Interlude 5,Whose Muddy Shoes,Louise,Snoopafella (Edited),Whose Muddy Shoes,Louise,Snoopafella (Edited)
TRHHJCL12903CB44B7,SOFRWHG12A58A7DF46,ARS8GNX1187B9B5141,The Black Keys,Hard Row,blues,Man In The Mirror,Mr. Outsider,Pray For Me,Man In The Mirror,Mr. Outsider,Enjoy Yourself,Enjoy Yourself,Let Yourself Go,Whatever Gets You Through The Day,Enjoy Yourself,Let Yourself Go,Whatever Gets You Through The Day
TRWZXDS128F427A71B,SOAJJDS12A8C13A3FB,ARS8GNX1187B9B5141,The Black Keys,I Got Mine,blues,You Left Me,Do The Bartman,A game,You Left Me,Nobody,Rock Wit U (Awww Baby),Winter Rose,Please Baby,Rollin' Mama Blues,Winter Rose,Please Baby,Rollin' Mama Blues
TRZDLWE12903CB44DE,SOURIRH12A58A7B408,ARS8GNX1187B9B5141,The Black Keys,If You See Me,blues,Man In The Mirror,Fool For Love,Soopaman Luva 3,Man In The Mirror,Treat Me Like A Lady,Fool For Love,Treat Me Like A Lady,Door To My Heart,Candy Man,Treat Me Like A Lady,Door To My Heart,Treat The Youths Right
TRNZQVO128F427A71E,SOIQUSV12A8C13A402,ARS8GNX1187B9B5141,The Black Keys,Lies,blues,One of Us,Interlude 5,Hey Ya!,Hey Ya!,Blinded By Love,Kiss Of Death,Where Are You?,Crossover Interlude,Kiss Of Death,Kiss Of Death,Close Your Eyes,I've Always Been A Coward Baby
TRAECHJ12903CC36DA,SOCQQSU12AB0185BF4,ARS8GNX1187B9B5141,The Black Keys,Next Girl,blues,She Ain't Afraid,B-Boy Bouillabaisse: A.W.O.L. (2009 Digital Remaster),Interlude 5,She Ain't Afraid,Guajira (I Love U 2 Much),What's On Your Mind,The Girl That I Marry,Cavatina,The Girl Next Door,The Girl That I Marry,Cavatina,The Girl Next Door
TRRVSIN128F9338FD5,SOSICNK12AB01876BB,ARS8GNX1187B9B5141,The Black Keys,No Fun,blues,No Fun (Remasterd LP Version),Girls Just Want To Have Fun,By The Way,No Fun (Remasterd LP Version),Girls Just Want To Have Fun,Time Out For Fun,No Fun (Remasterd LP Version),Kicking And Screaming,Time Out For Fun,No Fun (Remasterd LP Version),Kicking And Screaming,Time Out For Fun
TRYMMVG128F9340B1B,SOHKBXW12AB0185660,ARS8GNX1187B9B5141,The Black Keys,Stack Shot Billy,blues,Shot Of Love,Face Down,B-Boy Bouillabaisse: A.W.O.L. (2009 Digital Remaster),Shot Of Love,I Shot The Devil,Down By The River [Live At Massey Hall 1971],I Shot The Devil,Down By The River [Live At Massey Hall 1971],American Tale,I Shot The Devil,Down By The River [Live At Massey Hall 1971],Shot Of Love
TRKSEEY12903CCD312,SOTEPSZ12AB018C99D,ARS8GNX1187B9B5141,The Black Keys,Ten Cent Pistol,blues,B-Boy Bouillabaisse: A.W.O.L. (2009 Digital Remaster),She Ain't Afraid,Interlude 5,She Ain't Afraid,B-Boy Bouillabaisse: A.W.O.L. (2009 Digital Remaster),Queen Of Hollywood ( LP Version ),Cyclops,Right About Now,You Do The Same For Me,Right About Now,Lady Down On Love,Cyclops
TRFOGQC12903CA9D2E,SOTDIMP12AB01821E8,ARS8GNX1187B9B5141,The Black Keys,The Flame,blues,Interlude 5,B-Boy Bouillabaisse: A.W.O.L. (2009 Digital Remaster),Kissing The Flames,Kissing The Flames,Flames of Love,All The Woman (Recorded Live In London '99),Flames of Love,Kissing The Flames,Wheel Of Fortune,Flames of Love,Kissing The Flames,Wheel Of Fortune
TREVCQU12903CCD318,SOGECRB12AB018C9AB,ARS8GNX1187B9B5141,The Black Keys,These Days,blues,Interlude 5,B-Boy Bouillabaisse: A.W.O.L. (2009 Digital Remaster),Last to Know,Last to Know,Interlude 5,Man In The Mirror,Last to Know,The Howling,Death To The Dodgers Of Soap,Last to Know,The Howling,Vincent (Starry_ Starry Night) (Album Version)
TRFLJNE12903CB44F1,SOBJBEU12AF729D526,ARS8GNX1187B9B5141,The Black Keys,When The Lights Go Out,blues,B-Boy Bouillabaisse: A.W.O.L. (2009 Digital Remaster),Interlude 5,I Mean (I Don't Mean It),I Mean (I Don't Mean It),Your Eyes,Alright,Just Don't Want To Be Lonely,Alpha Beta Parking Lot,Enemmän,Just Don't Want To Be Lonely,Force Quit,Playgrounds And City Parks
TRQNNKX12903CB44CA,SOCULJG12A8AE4714D,ARS8GNX1187B9B5141,The Black Keys,Have Love Will Travel,blues,Plumskinzz (Loose Hoe_ God & Cupid),Slam Harder,Slam,Slam Harder,Slam,Plumskinzz (Loose Hoe_ God & Cupid),I Miss You,I'm Not In The Mood (To Say No)!,Reggae On Broadway,I Miss You,I'm Not In The Mood (To Say No)!,Reggae On Broadway
TRKNKGC128F42A746A,SOUZEJD12D021B5336,AR20CFC1187B98A25D,Ray Charles,C.C. Rider,blues,B-Boy Bouillabaisse: A.W.O.L. (2009 Digital Remaster),The Hourglass,Overdose (Album Version),All Along The Water,Forever Young,Blinded By Love,All Along The Water,Careless Love,Coming Home (Live At Sheffield City Hall),All Along The Water,Careless Love,The Price You Pay
TRWEHQE128F935A2D6,SOKQSDH12AB0188B1A,AR20CFC1187B98A25D,Ray Charles,I Got a Woman,blues,B-Boy Bouillabaisse: A.W.O.L. (2009 Digital Remaster),Luv Me Up,Ain't No Woman (Like The One I've Got),Only Fool In Town (2002 Digital Remaster),Ain't No Woman (Like The One I've Got),Luv Me Up,Only Fool In Town (2002 Digital Remaster),Full-Time Lover,It's All Over,Only Fool In Town (2002 Digital Remaster),Full-Time Lover,It's All Over
TRPMJOK128F92F317A,SOQWJXH12AAF3B5B0F,AR20CFC1187B98A25D,Ray Charles,The Sun's Gonna Shine Again,blues,Black Dog,Keepin' It Strong,One of Us,Black Dog,I BELIEVE,Davey Jones Locker,Black Dog,I BELIEVE,When The Saints Go Marching In,Black Dog,I BELIEVE,When The Saints Go Marching In
TRGXECP12903CDDC43,SOCLEEQ12D021B23E0,AR20CFC1187B98A25D,Ray Charles,Losing Hand,blues,Interlude 5,Caught Up,B-Boy Bouillabaisse: A.W.O.L. (2009 Digital Remaster),Caught Up,I Don't Wanna Lose Your Love,Higher,Caught Up,I Don't Wanna Lose Your Love,Higher,Caught Up,I Don't Wanna Lose Your Love,Higher
TREQYGT128E07859FA,SOZOJBP12A6701E425,ARV9LSS1187B98C471,Blake Shelton,Nobody But Me (Album Version),blues,Interlude 5,B-Boy Bouillabaisse: A.W.O.L. (2009 Digital Remaster),Nasty Grind,Nasty Grind,Come On Around To My House Mama,Joy,Nasty Grind,Nobody's Man,It's All Over,Nasty Grind,Nobody's Man,It's All Over
TROFEVE12903CD8AAA,SONQLUB12D02199FCD,AR66H0N1187B9AE91E,Etta James,A Sunday Kind of Love,blues,Find A Way,Sprung,She Got Kids,Sprung,Find A Way,I'm Ready,Sprung,London Boys,I'm Cool,Sprung,London Boys,I'm Cool
TRCFPJF128F428A872,SOKCCML12D021B0FC6,AR66H0N1187B9AE91E,Etta James,I Just Want To Make Love To You,blues,Interlude 5,Blue (I'm Still Here With You),Luv Me Up,Blue (I'm Still Here With You),I Just Want To Make Love To You,Give Me What I Want (LP Version),I Just Want To Make Love To You,You Got Me,Give Me What I Want (LP Version),I Just Want To Make Love To You,You Got Me,Give Me What I Want (LP Version)
TRBFTHL128C7196B42,SODJRCC12D02192374,AR66H0N1187B9AE91E,Etta James,My Dearest Darling,blues,My Darling,Hold You,Your Eyes,My Darling,Hold You,Too Beautiful,Come Back Darling,Stir It Up,My Special Prayer,Come Back Darling,Stir It Up,My Special Prayer
TRFEGGQ128E07898AA,SOMPSXS12D021B12D7,AR66H0N1187B9AE91E,Etta James,W.O.M.A.N.,blues,Take My Money,Touch Me,Man! I Feel Like A Woman!,Take My Money,Man! I Feel Like A Woman!,I'm A Woman,The Great Collapse,I'm A Woman,Kind Hearted Woman Blues (Album Version),I'm A Woman,The Great Collapse,Kind Hearted Woman Blues (Album Version)
TRDDDDX128E0793212,SOIOOIR12A58A7EBB8,ARLAUED1187B9ACEAF,Eric Clapton,Alberta,blues,Try Our Love Again,Ain't Had No Lovin',8 Mile,Try Our Love Again,Ain't Had No Lovin',Been So Long,Ain't Had No Lovin',Been So Long,Try Our Love Again,Ain't Had No Lovin',Been So Long,Try Our Love Again
TRWBAGY128F93034BF,SOXIVQT12AB0181061,ARLAUED1187B9ACEAF,Eric Clapton,Before You Accuse Me (Take A Look At Yourself),blues,Before You Accuse Me,B-Boy Bouillabaisse: A.W.O.L. (2009 Digital Remaster),Interlude 5,Before You Accuse Me,Dirty Money,Splurge,Before You Accuse Me,Up To No Good,four hearts,Before You Accuse Me,Up To No Good,If You Want A Mother
TRLWIBC128E0792E2C,SORMUAO12A6D4F9262,ARLAUED1187B9ACEAF,Eric Clapton,Early In The Morning,blues,B-Boy Bouillabaisse: A.W.O.L. (2009 Digital Remaster),All For One (Explicit) (2006 Remastered LP Version),What's On Your Mind,Lay Lady Lay,Roni,Morning After,Allow Me One More Show,If I Needed You,Shining Moon,Allow Me One More Show,If I Needed You,Shining Moon
TRAZQIG128F146372E,SOFZYKR12A6D4F72A5,ARLAUED1187B9ACEAF,Eric Clapton,Floating Bridge,blues,B-Boy Bouillabaisse: A.W.O.L. (2009 Digital Remaster),Interlude 5,That's How I Beat Shaq,That's How I Beat Shaq,If I Had My Way I'd Tear This Building Down,Your Song,Stormy Monday,Down At The Landing,Since Yesterday,Stormy Monday,Since Yesterday,Down At The Landing
TRQUJCP128F4238206,SOICNJH12A81C22263,ARLAUED1187B9ACEAF,Eric Clapton,Kind Hearted Woman Blues (Album Version),blues,Kindhearted Woman Blues,Just Right,Interlude 5,Kindhearted Woman Blues,Just Right,Rock Wit U (Awww Baby),Kindhearted Woman Blues,Woman Trouble,W.O.M.A.N.,Kindhearted Woman Blues,Woman Trouble,W.O.M.A.N.
TRIDJMD128E078B984,SOWGAGY12A6701F305,ARN0YZ71187B9BA57B,Michael Bublé,That's All (Album Version),classical,Interlude 5,The Hourglass,B-Boy Bouillabaisse: A.W.O.L. (2009 Digital Remaster),Straight From The Heart,Till The End Of The World,Take Me,Straight From The Heart,Love Me Warm And Tender,Even Tho',Straight From The Heart,Even Tho',Love Me Warm And Tender
TRYRCXF128F424183D,SOWXYFO12A8AE46AD3,ARGVJPK1187B9909EA,Josh Groban,America (Revised Live Version),classical,B-Boy Bouillabaisse: A.W.O.L. (2009 Digital Remaster),America,Interlude 5,America,B-Boy Bouillabaisse: A.W.O.L. (2009 Digital Remaster),Death Of A Ladies' Man,America,Death Of A Ladies' Man,I Forgot,America,Death Of A Ladies' Man,I Forgot
TRDQLTF128E0787809,SODUTDM12A67020476,ARGVJPK1187B9909EA,Josh Groban,Broken Vow (Album Version),classical,Broken Vow,B-Boy Bouillabaisse: A.W.O.L. (2009 Digital Remaster),Interlude 5,Broken Vow,Last to Know,The Hourglass,Broken Vow,More Than Words,Broken Buildings,Broken Vow,More Than Words,Invisible Shield
TRUAAEQ128F423C52D,SOGDUMI12A8AE45417,ARGVJPK1187B9909EA,Josh Groban,Gira Con Me Questa Notte (Album Version),classical,Istruzioni Per L'(Ill)uso,Sinan Capudan Pascià,Quelli Che,Istruzioni Per L'(Ill)uso,Sinan Capudan Pascià,Quelli Che,Piano (Memory),Caruso,La Canzone Dell' Impossibile,Piano (Memory),Caruso,La Canzone Dell' Impossibile
TRYGDNA128E078780C,SOWLNSE12A67020479,ARGVJPK1187B9909EA,Josh Groban,Hymne A L'Amour (Album Version),classical,Panam All Star,Yakamonéyé,Sans Rémission,Yakamonéyé,Panam All Star,Sans Rémission,L'Homme De La Situation,A Tes Côtés,Mon Ange,L'Homme De La Situation,A Tes Côtés,Mon Ange
TRDFTPP128F427550C,SOWOPHG12A8C13DB44,ARGVJPK1187B9909EA,Josh Groban,It Came Upon A Midnight Clear (Album Version),classical,Angel,Chorus Of Angels,My Sweet Jane,Angel,Chorus Of Angels,My Sweet Jane,The Crash Of Angel Wings,You're My Angel,Angel,The Crash Of Angel Wings,You're My Angel,Angel
TRRBWRX128F423C535,SOBFGZA12A8AE4542A,ARGVJPK1187B9909EA,Josh Groban,Let Me Fall (From Cirque du Soleil) (Album Version),classical,The Fire In Which You Burn (feat. J-Treds & The Brewin From The Juggaknots),Dream Catch Me,Closer To You,Dream Catch Me,Catch Me,Let The Chips Fall,Catch Me,Let The Chips Fall,If Only For One Night,Catch Me,Let The Chips Fall,If Only For One Night
TRJSTLV128F4241832,SOHCDYF12A58A7C604,ARGVJPK1187B9909EA,Josh Groban,Mi Mancherai (Il Postino) (Revised Live Version),classical,Quelli Che,Sinan Capudan Pascià,Limiti,Quelli Che,Sinan Capudan Pascià,Limiti,Come Primavera,Il Pugile Sentimentale ( Live ),Semplicemente (Canto Per Te),Come Primavera,Il Pugile Sentimentale ( Live ),Semplicemente (Canto Per Te)
TRBRHPE128E0787803,SOJCMKN12A67020471,ARGVJPK1187B9909EA,Josh Groban,My Confession (Album Version),classical,Interlude 5,Man In The Mirror,B-Boy Bouillabaisse: A.W.O.L. (2009 Digital Remaster),Blessed,Man In The Mirror,Beautiful Day,Blessed,Beautiful Day,Careful,Blessed,Beautiful Day,Careful
TRLJSTZ128F4241831,SOTEXNI12A8AE46AAE,ARGVJPK1187B9909EA,Josh Groban,Oceano (Revised Live Version),classical,Quelli Che,Limiti,Gli Insetti Del Podere,Quelli Che,Limiti,Gli Insetti Del Podere,Niente Per Scontato,Mamma,La Scala (The Ladder),Niente Per Scontato,Mamma,La Scala (The Ladder)
TRGURIJ128E078780B,SORUSFO12A67020478,ARGVJPK1187B9909EA,Josh Groban,Remember When It Rained (Album Version),classical,Remember When It Rained (Revised Live Version),Man In The Mirror,Blues For Suckers,Remember When It Rained (Revised Live Version),Man In The Mirror,Blues For Suckers,Remember When It Rained (Revised Live Version),Oh Na Na Na,Dla Niego,Remember When It Rained (Revised Live Version),Oh Na Na Na,Dla Niego
TRYKKOX128F4241839,SOEIAOV12A8AE46AC4,ARGVJPK1187B9909EA,Josh Groban,Remember When It Rained (Revised Live Version),classical,Remember When It Rained (Album Version),Man In The Mirror,Blues For Suckers,Remember When It Rained (Album Version),Man In The Mirror,Blues For Suckers,Remember When It Rained (Album Version),Oh Na Na Na,Dla Niego,Remember When It Rained (Album Version),Oh Na Na Na,Dla Niego
TRUVBEG128F92F0B48,SORJUAX12AB017CB28,ARGVJPK1187B9909EA,Josh Groban,Smile,classical,Don't Need The Sun To Shine (To Make Me Smile),My Love Remains,B-Boy Bouillabaisse: A.W.O.L. (2009 Digital Remaster),Don't Need The Sun To Shine (To Make Me Smile),My Love Remains,Corner Of The Earth,My Love Remains,By The Time It Gets Dark,I Wish You Could Smile,My Love Remains,Don't Need The Sun To Shine (To Make Me Smile),By The Time It Gets Dark
TRJBNZG128EF35A1AA,SOMYGPN12A6D4F7E28,ARGVJPK1187B9909EA,Josh Groban,Solo Por Ti (Album Version),classical,Dale tiempo al rumor,Gitana,Que Voy A hacer Sin Tí,Dale tiempo al rumor,Que Voy A hacer Sin Tí,Gitana,Solo Con Un Beso,En nuestro aniversario,Que Voy A hacer Sin Tí,Solo Con Un Beso,En nuestro aniversario,Que Voy A hacer Sin Tí
TRPJAPP128EF35A1AC,SOAGVMD12A6D4F7E2A,ARGVJPK1187B9909EA,Josh Groban,Un Giorno Per Noi (Album Version),classical,L'uomo vivo (inno al gioia),Niente Per Scontato,In Fila Per Tre,L'uomo vivo (inno al gioia),Niente Per Scontato,In Fila Per Tre,Niente Per Scontato,Dentro Me,Che Gelida Manina,Niente Per Scontato,Dentro Me,Che Gelida Manina
TRUDTXB128F423C537,SOGQZMP12A8AE4542F,ARGVJPK1187B9909EA,Josh Groban,Vincent (Starry_ Starry Night) (Album Version),classical,Interlude 5,B-Boy Bouillabaisse: A.W.O.L. (2009 Digital Remaster),Expansion Team Theme,Interlude 5,Expansion Team Theme,I'll Never Set You Free,Never Ending Nights,Set It Free,Broken Buildings,Never Ending Nights,Set It Free,Broken Buildings
TRMVVDP128E0787806,SOTQRPK12A67020473,ARGVJPK1187B9909EA,Josh Groban,When You Say You Love Me (Album Version),classical,Interlude 5,B-Boy Bouillabaisse: A.W.O.L. (2009 Digital Remaster),8 Mile,I'm Going On A Long Journey Never To Return,Heaven Is A Place On Earth,Move On,It's Time,Bizarre Love Triangle,Say Hello (Angello & Ingrosso Remix),Bizarre Love Triangle,It's Time,When Your Eyes Say It
TRIEQWR128E078780D,SOULFRO12A6702047A,ARGVJPK1187B9909EA,Josh Groban,You Raise Me Up (Album Version),classical,You Raise Me Up,Otha Fish,Keepin' It Strong,You Raise Me Up,Nobody,Bleed By Yourself,You Raise Me Up,Raise Your God,This Punishment,You Raise Me Up,This Punishment,Raise Your God
TRBEYYM128F1493C56,SOKMZQL12A58A76B19,ARGVJPK1187B9909EA,Josh Groban,Believe (Album Version),classical,B-Boy Bouillabaisse: A.W.O.L. (2009 Digital Remaster),Interlude 5,Close My Eyes,I Believe,Ants Of The Sky,Believe,I Believe,Stupid Girl,Where Is Your Heart At?,I Believe,Where Is Your Heart At?,Do You Believe Me Now
TRPITXR128F427FA1B,SOEEMLZ12A8C136C5C,ARH861H1187B9B799E,Johnny Cash,Away In A Manger,classical,Away In A Manger,One of Us,The Hourglass,Away In A Manger,Little Lord Obedience,Raio No Terrasu (Jesus Wept),Away In A Manger,Raio No Terrasu (Jesus Wept),Little Lord Obedience,Away In A Manger,Raio No Terrasu (Jesus Wept),Little Lord Obedience
TRGFMUJ128F423C52F,SOKABLD12D021991AC,ARGVJPK1187B9909EA,Josh Groban,Cinema Paradiso (Se) (Album Version),classical,Istruzioni Per L'(Ill)uso,Quelli Che,Gli Insetti Del Podere,Istruzioni Per L'(Ill)uso,Quelli Che,Gli Insetti Del Podere,Oggi,La Promesa,L'Attesa,Oggi,La Promesa,L'Attesa
TRGVTSO12903CABC19,SOPPSEF12AB018ADD4,ARFM3UU1187B994C88,David Crowder*Band,All Around Me,classical,Curse,Days Like These,Interlude 5,My Heart Belongs To You,Will I Get Out Of Jail,Days Like These,Rather Be Dead,Asleep,Will I Get Out Of Jail,Will I Get Out Of Jail,Asleep,My Heart Belongs To You
TRJGMSL128F4230A6C,SOWYWPP12A81C20850,ARPBTRI1187FB52457,The Game,Black Opera,classical,Overdose (Album Version),1st Booty On Duty,Ho's A Housewife,1st Booty On Duty,Ho's A Housewife,Overdose (Album Version),Ho's A Housewife,The Dayz Of Wayback,Crossing the Boundary,Ho's A Housewife,Crossing the Boundary,The Dayz Of Wayback
TRBGUUE128F1494FB6,SOGDJWU12A58A7DA10,ARJA1841187FB3A029,David Bowie,Baal's Hymn,classical,Interlude 5,B-Boy Bouillabaisse: A.W.O.L. (2009 Digital Remaster),The Hourglass,Mortal City,The Hourglass,The Illest Brother,Captain Anarchy,A Thing Called Love,Joy To The World,A Thing Called Love,The Illest Brother,Mortal City
TREPYPE128F92EB38C,SOBAQGA12AB017C9F2,ARNJ9LU1187B9A56A6,Il Divo,Adagio,classical,Quelli Che,Istruzioni Per L'(Ill)uso,Gli Insetti Del Podere,Quelli Che,Istruzioni Per L'(Ill)uso,Gli Insetti Del Podere,Musica,Adagio,Il meglio di te,Musica,Adagio,Il meglio di te
TRGZRPJ128F92EF7E2,SOJBCHJ12A8C140942,ARNJ9LU1187B9A56A6,Il Divo,Adeste Fideles,classical,O Holy Night,O Holy Night,Aguas De Marco,O Holy Night,Aguas De Marco,O Holy Night,O Holy Night,O Holy Night,Flow,O Holy Night,O Holy Night,Flow
TRGXTYR128F42ACF5F,SOJILSK12A8C13F427,ARNJ9LU1187B9A56A6,Il Divo,All By Myself (Solo Otra Vez),classical,Amor Mio No Te Vayas,Mienteme Otra Véz,Sin Conocerte,Amor Mio No Te Vayas,Mienteme Otra Véz,Sin Conocerte,Amor Mio No Te Vayas,Otra Vez,Sin Conocerte,Amor Mio No Te Vayas,Otra Vez,Sin Conocerte
TRVXXVG128F933AB88,SOHGPTR12AB01874F5,ARNJ9LU1187B9A56A6,Il Divo,Amazing Grace,classical,Amazing Grace,Curse,One of Us,Amazing Grace,Curse,How The Day Sounds,Amazing Grace,Peace,Playstation Blues,Amazing Grace,Peace,Playstation Blues
TRLFGML128F92EB391,SOMZKFD12AB017CA0C,ARNJ9LU1187B9A56A6,Il Divo,Angelina,classical,Cantando,Dale tiempo al rumor,Todos Quieren A Raymond,Cantando,Dale tiempo al rumor,Todos Quieren A Raymond,Cantando,Sonrisa especial,Abre tu puerta (y cruza el universo),Cantando,Sonrisa especial,Abre tu puerta (y cruza el universo)
TRVFSWI128F42ACE94,SOJZKPG12A8C13F9E0,ARNJ9LU1187B9A56A6,Il Divo,Ave Maria,classical,Istruzioni Per L'(Ill)uso,Quelli Che,Sinan Capudan Pascià,Istruzioni Per L'(Ill)uso,Quelli Che,Sinan Capudan Pascià,Come Primavera,Fili,Roma Sogna,Come Primavera,Fili,Roma Sogna
TRMKTUF128F42BC140,SOLHDOP12A8C13FB24,ARNJ9LU1187B9A56A6,Il Divo,Caruso,classical,Istruzioni Per L'(Ill)uso,Sinan Capudan Pascià,Gli Insetti Del Podere,Istruzioni Per L'(Ill)uso,Sinan Capudan Pascià,Gli Insetti Del Podere,Caruso,La Canzone Dell' Impossibile,Nessun dorma!,Caruso,La Canzone Dell' Impossibile,Nessun dorma!
TRXNYOZ128F42BC146,SOBTJJR12A8C13FB29,ARNJ9LU1187B9A56A6,Il Divo,Come Primavera,classical,Istruzioni Per L'(Ill)uso,Quelli Che,Sinan Capudan Pascià,Istruzioni Per L'(Ill)uso,Quelli Che,Limiti,Ave Maria,Passeggeri Distratti,Tristesse,Ave Maria,Passeggeri Distratti,Tristesse
TRYFLQK128F92EF7F1,SOOVZJZ12A8C1399B9,ARNJ9LU1187B9A56A6,Il Divo,Dentro Un Altro Si,classical,Gli Insetti Del Podere,Quelli Che,Limiti,Gli Insetti Del Podere,Quelli Che,Limiti,Oceano (Revised Live Version),Per combattere l'acne,L'Età Dei Figuranti,Oceano (Revised Live Version),Per combattere l'acne,L'Età Dei Figuranti
TRRWCOL128F42AD05D,SOOZNYR12A8C13D9F7,ARNJ9LU1187B9A56A6,Il Divo,En Aranjuez Con Tu Amor,classical,Cantando,Dale tiempo al rumor,La ciudad nunca duerme,Cantando,Dale tiempo al rumor,La ciudad nunca duerme,Aranjuez Ma Pensee,Hermanos de sangre (Rulot 05),No te creas,Aranjuez Ma Pensee,Hermanos de sangre (Rulot 05),No te creas
TRVRPTI128F92EB390,SOCREBZ12AB017CA05,ARNJ9LU1187B9A56A6,Il Divo,Enamorado,classical,Dale tiempo al rumor,Alejate De Mi,Como Y Vete,Dale tiempo al rumor,Alejate De Mi,Como Y Vete,Alejate De Mi,Virgen De Riña,Volcan,Alejate De Mi,Virgen De Riña,Volcan
TRGRNWU128F42AE46D,SOLRRGS12A8C13FD5A,ARNJ9LU1187B9A56A6,Il Divo,Esisti Dentro Me,classical,Istruzioni Per L'(Ill)uso,Quelli Che,Salutandotiaffogo,Istruzioni Per L'(Ill)uso,Quelli Che,Salutandotiaffogo,Ognuno Soffre,Se Tu Non Sei Lei,Ave Maria,Ognuno Soffre,Se Tu Non Sei Lei,Ave Maria
TRNXWLK128F92EC9A7,SOVINFL12A8C139286,ARNJ9LU1187B9A56A6,Il Divo,Everytime I Look At You,classical,Closer To You,Interlude 5,B-Boy Bouillabaisse: A.W.O.L. (2009 Digital Remaster),Lost In This Moment,My Big Mistake,I'm Going On A Long Journey Never To Return,Playstation Blues,Blinded,My Big Mistake,Playstation Blues,My Big Mistake,Lost In This Moment
TRITOVK128F92EC9A0,SOCVWFF12A8C13B6EE,ARNJ9LU1187B9A56A6,Il Divo,Feelings,classical,Gli Insetti Del Podere,L'uomo vivo (inno al gioia),Quelli Che,Gli Insetti Del Podere,L'uomo vivo (inno al gioia),Limiti,Niente Per Scontato,Semplicemente (Canto Per Te),L'Età Dei Figuranti,Niente Per Scontato,Semplicemente (Canto Per Te),L'Età Dei Figuranti
TRRLVOI128F92EB38D,SOKINKK12AB017C9F6,ARNJ9LU1187B9A56A6,Il Divo,Hallelujah (Aleluya),classical,Cantando,Dale tiempo al rumor,No Paseis Por Alto A Los Genios,Cantando,Dale tiempo al rumor,No Paseis Por Alto A Los Genios,Buenaventura Y Caney,El ectoplasta,Amores Como El Nuestro,Buenaventura Y Caney,El ectoplasta,Amores Como El Nuestro
TRHPPNF128F42ACFA9,SOCXAJQ12A8C13FD4E,ARNJ9LU1187B9A56A6,Il Divo,Hasta Mi Final,classical,Dale tiempo al rumor,Cantando,Todos Quieren A Raymond,Dale tiempo al rumor,Cantando,Mañana que más da,Llorar duele mas,Tal Para Cual,Vete De Mi,Llorar duele mas,Tal Para Cual,Todavía Me Amas
TRUXYDP128F93234BD,SOYGKHG12AB01804C8,ARS54I31187FB46721,Taylor Swift,Crazier,country,Interlude 5,B-Boy Bouillabaisse: A.W.O.L. (2009 Digital Remaster),Close My Eyes,Close My Eyes,The Way You Make Me Feel,Paprika Plains  (Remix),Love Goes Down,You Made Me Feel,Manhattan,Love Goes Down,You Made Me Feel,Watch The Sky For Me
TRKVVVK12903CB592C,SODUDUN12AB018CCAB,ARS54I31187FB46721,Taylor Swift,Fifteen,country,Interlude 5,B-Boy Bouillabaisse: A.W.O.L. (2009 Digital Remaster),Snoopafella (Edited),Interlude 5,The Illest Brother,Man In The Mirror,Bump What Your Friends Say,Someday,Rainbow Connection,Interlude 5,The Illest Brother,Act A Fool
TRUVVME12903CBA350,SORRBVQ12A58A7AA33,ARS54I31187FB46721,Taylor Swift,Change,country,Interlude 5,Indy 500,B-Boy Bouillabaisse: A.W.O.L. (2009 Digital Remaster),Interlude 5,Indy 500,Days Like These,Prologue,Handsworth Revolution,Days Like These,Days Like These,Interlude 5,Handsworth Revolution
TRZGWCY12903CEF521,SOVMMRT12D021B2E6E,ARHATLI1187FB52C76,Toby Keith,You Can't Read My Mind,country,B-Boy Bouillabaisse: A.W.O.L. (2009 Digital Remaster),Interlude 5,8 Mile,B-Boy Bouillabaisse: A.W.O.L. (2009 Digital Remaster),Help Me Find A Way To Your Heart,Not Your Baby,Not Your Baby,All Over Again,Midnight Bottle,Not Your Baby,DHC,Help Me Find A Way To Your Heart
TRMAVQT128F4270DBF,SOLJTVT12A58A79F96,ARH861H1187B9B799E,Johnny Cash,Man In White,country,B-Boy Bouillabaisse: A.W.O.L. (2009 Digital Remaster),Interlude 5,The Hourglass,The Hourglass,Snoopafella (Edited),Mortal City,Flowers,I Saw the Light,Born And Raised In Black And White,Snoopafella (Edited),The Hourglass,Oklahoma
TRWVEDL128F4293EA3,SOOVRMN12AF72A0933,AR7ZFLN1187FB4830A,Rascal Flatts,Holes,country,Interlude 5,B-Boy Bouillabaisse: A.W.O.L. (2009 Digital Remaster),Overdose (Album Version),Interlude 5,One Love,The Truth,Safe Word,The Truth,Indian Queens,Safe Word,Indian Queens,The Truth
TRTVVYX128F9328DBA,SOMKEYV12AF72A20B2,ARFL99B1187B9A2A45,Sugarland,Baby Girl,country,B-Boy Bouillabaisse: A.W.O.L. (2009 Digital Remaster),Closer To You,Interlude 5,Never Gonna Give You Up,Closer To You,Be My Girl,Never Gonna Give You Up,Send It To Me,Please Come Home For Christmas,Never Gonna Give You Up,Send It To Me,Please Come Home For Christmas
TRTGPPK128F1459DD4,SOIHEED12A6D4F5E36,AR4DW2Q1187FB44DB6,Billy Currington,Growin' Up Down There,country,Interlude 5,B-Boy Bouillabaisse: A.W.O.L. (2009 Digital Remaster),The Hourglass,Summer Time,The Hourglass,"Pacifics (Sdtrk ""N.Y. Is Red Hot"")",Summer In Dixie (Remastered Album Version),Aerobicide,Dumb,Dumb,Summer In Dixie (Remastered Album Version),Summer
TRHUIRM128F426BFD5,SOMDWHQ12A6D4F5E30,AR4DW2Q1187FB44DB6,Billy Currington,Hangin' Around,country,B-Boy Bouillabaisse: A.W.O.L. (2009 Digital Remaster),Interlude 5,Weak Become Heroes,Day And Night,Don't Fall Apart On Me Tonight,Weak Become Heroes,Wish,I Forgot My Name,Chase The Clouds Away,Wish,I Forgot My Name,Chase The Clouds Away
TRJNTQQ128F426BFD0,SOVXWMI12A8C13B667,AR4DW2Q1187FB44DB6,Billy Currington,Here I Am,country,B-Boy Bouillabaisse: A.W.O.L. (2009 Digital Remaster),Interlude 5,Fool For Love,Twizala,Lookin' Through The Windows,Beg For Mercy,Looking Back On Vanity,Lookin' Through The Windows,Twizala,Looking Back On Vanity,Twizala,Lookin' Through The Windows
TRZJCNT128F426BFCC,SOWNWBW12A8C13B65E,AR4DW2Q1187FB44DB6,Billy Currington,She's Got A Way With Me,country,B-Boy Bouillabaisse: A.W.O.L. (2009 Digital Remaster),Interlude 5,She Ain't Afraid,Never Gonna Give You Up,Queen Of Hollywood ( LP Version ),She Ain't Afraid,Half The Man,Never Gonna Give You Up,She's Not the One,Half The Man,Never Gonna Give You Up,A Thing Called Love
TRPZEWS128F92F585E,SOOSFVL12AB018253F,AR4DW2Q1187FB44DB6,Billy Currington,That's How Country Boys Roll,country,B-Boy Bouillabaisse: A.W.O.L. (2009 Digital Remaster),Interlude 5,The Hourglass,Indian Dance,Roll On (Eighteen Wheeler),Convoy,North Dakota,Roll On (Eighteen Wheeler),Indian Dance,North Dakota,Roll On (Eighteen Wheeler),Indian Dance
TRYPBLE128F1459DD1,SOKHXYG12A6D4F5E33,AR4DW2Q1187FB44DB6,Billy Currington,Where The Girls Are,country,B-Boy Bouillabaisse: A.W.O.L. (2009 Digital Remaster),8 Mile,The Dance,Girls Just Want To Have Fun,AJ Scratch,B-Boy Bouillabaisse: A.W.O.L. (2009 Digital Remaster),Girls Just Want To Have Fun,Girls Just Want To Have Fun (Demo),Music Is Through,Girls Just Want To Have Fun,Girls Just Want To Have Fun (Demo),Screen Kiss
TRKVITQ128F4271B31,SOVALXP12D021B3DA8,ARH861H1187B9B799E,Johnny Cash,Daddy Sang Bass,country,Interlude 5,8 Mile,Daddy's Moonshine Still,Daddy's Moonshine Still,Daddy Frank,Sing Me A Song (Non Album Track),Lawrence,Daddy Frank,Mom And Dad's Waltz,Lawrence,Daddy Frank,Daddy's Moonshine Still
TRGZDBB128F4270A4C,SOLWDNH12D021B2402,ARH861H1187B9B799E,Johnny Cash,I Don't Know Where I'm Bound,country,B-Boy Bouillabaisse: A.W.O.L. (2009 Digital Remaster),Dos Factotum,Interlude 5,Dos Factotum,Club Megamix,One Nation (Album Version),One Nation (Album Version),Swept Away,Dos Factotum,Dos Factotum,One Nation (Album Version),Back water blues
TRMBNRH12903D02C23,SOWLYYP12D0219044F,ARH861H1187B9B799E,Johnny Cash,I Was There When It Happened,country,Interlude 5,Safe + Sound,B-Boy Bouillabaisse: A.W.O.L. (2009 Digital Remaster),Oh Jerusalem,Villains (Full-Length),Safe + Sound,Villains (Full-Length),Lord Of The Flies (Live In Dortmund),Ginuwine 4 ur Mind,Villains (Full-Length),Lord Of The Flies (Live In Dortmund),Ginuwine 4 ur Mind
TRBXYKU128F427915D,SOEXZQP12D021B0F1D,ARH861H1187B9B799E,Johnny Cash,The Big Battle,country,B-Boy Bouillabaisse: A.W.O.L. (2009 Digital Remaster),Overdose (Album Version),Interlude 5,The Illest Brother,Killin' Spree,Temple,Killin' Spree,Livin In The West,Mexico City,Killin' Spree,The Illest Brother,El Paso
TRFRXGD128F42717FF,SOHCAKG12A8BED7973,ARH861H1187B9B799E,Johnny Cash,A Thing Called Love,country,Interlude 5,B-Boy Bouillabaisse: A.W.O.L. (2009 Digital Remaster),The Hourglass,Man In The Mirror,The Hourglass,Soon You'll Understand,She's Got A Way With Me,Baal's Hymn,Intro: Guess I'm Into Feeling,She's Got A Way With Me,Baal's Hymn,Travelin' Soldier
TRYIYFG128F42603CC,SOOUGLY12A8BEE954A,ARH861H1187B9B799E,Johnny Cash,You Dreamer You,country,B-Boy Bouillabaisse: A.W.O.L. (2009 Digital Remaster),Asking Around For You,Curse,Asking Around For You,It Came Upon A Midnight Clear (Album Version),Angel,Asking Around For You,You're My Angel,It Came Upon A Midnight Clear (Album Version),Asking Around For You,Just Like Heaven,You're My Angel
TRQHDNY128F92E3A01,SOOFVUE12AB017B824,ARH861H1187B9B799E,Johnny Cash,I Walk The Line,country,B-Boy Bouillabaisse: A.W.O.L. (2009 Digital Remaster),Interlude 5,Keep Your Shit The Hardest,Keep Your Shit The Hardest,Until You're Mine,Expansion Team Theme,Close Your Eyes,Until You're Mine,Still In Love With You,Until You're Mine,Close Your Eyes,Still In Love With You
TRGCHXM128F429CBB9,SOKDAHN12A8C13F938,ARH861H1187B9B799E,Johnny Cash,Life's Railway To Heaven,country,Angel,Interlude 5,She's A Star,Angel,Different Places,She's A Star,Parallels Of Infinite Torture,Angel,Monster,Parallels Of Infinite Torture,Angel,Monster
TRSJGNV128F92F4124,SODVCJH12AF72A4A08,AR3ETJY1187B98ED15,Darius Rucker,If I Had Wings,country,Interlude 5,B-Boy Bouillabaisse: A.W.O.L. (2009 Digital Remaster),The Hourglass,fly,The Traveling Song,Resolution,fly,My Special Prayer,Why,fly,My Special Prayer,Why
TRHTOYT128F429FEF4,SOVZHIK12A8C1349BD,ARNNM56119B86686EA,Luke Bryan,Pray About Everything,country,The Hourglass,Tell You Something (Nana's Reprise),Splurge,Crazy 'Bout You Baby,Don't Worry (ReMastered),Fantastic,Don't Worry (ReMastered),One Day Closer to You,Work It Out,Don't Worry (ReMastered),One Day Closer to You,Crazy 'Bout You Baby
TRCFFVR128F145D6DF,SOYPMDY12A6D4F77DE,AR95IYB1187FB3FE0B,Keith Urban,Your Everything,country,Interlude 5,B-Boy Bouillabaisse: A.W.O.L. (2009 Digital Remaster),The Hourglass,Move (If You Wanna),The Hourglass,Man In The Mirror,La Prima Volta (First Time Ever I Saw Your Face),Snow,Trapped,La Prima Volta (First Time Ever I Saw Your Face),Snow,Trapped
TRQSGEL128F4242DFC,SOAXCEO12CF5F873BF,ARHATLI1187FB52C76,Toby Keith,A Little Too Late,country,8 Mile,Interlude 5,B-Boy Bouillabaisse: A.W.O.L. (2009 Digital Remaster),Too Late,Undun,Piece Of My Heart,Too Late,Misled,Here I Am,Too Late,Misled,Here I Am
TRAIMRN128E0791E72,SOAOYPN12CF52D3231,ARHATLI1187FB52C76,Toby Keith,Who's Your Daddy?,country,8 Mile,B-Boy Bouillabaisse: A.W.O.L. (2009 Digital Remaster),Interlude 5,Piece Of My Heart,Chest Pain,(You Can't Let The Boy Overpower) The Man In You,(You Can't Let The Boy Overpower) The Man In You,Evening,Piece Of My Heart,(You Can't Let The Boy Overpower) The Man In You,Piece Of My Heart,Chest Pain
TRRSVGD128F4242DDC,SORPIQY12A8C13632E,ARHATLI1187FB52C76,Toby Keith,A Woman's Touch,country,Interlude 5,Touch Me,B-Boy Bouillabaisse: A.W.O.L. (2009 Digital Remaster),Touch Me,Interlude 5,Contagious,Empress,The Great Collapse,W.O.M.A.N.,Empress,I Heard Love Is Blind,Stupid Marriage
TRTXHKL128F4242DD9,SOROSTR12A8C136324,ARHATLI1187FB52C76,Toby Keith,Big Ol' Truck,country,B-Boy Bouillabaisse: A.W.O.L. (2009 Digital Remaster),8 Mile,She Ain't Afraid,She Ain't Afraid,B-Boy Bouillabaisse: A.W.O.L. (2009 Digital Remaster),She's Gonna Break Soon (Radio Edit) (w/o Horns),One of these Days,Figure It Out,Diddy Wah Diddy,One of these Days,Big Bill Blues,Shimmy_ Shimmy_ Ko-Ko-Bop (Single Version)
TRADETN128F148CF19,SOEKKYB12A6D4F81D4,ARHATLI1187FB52C76,Toby Keith,Blue Bedroom,country,My Phone,B-Boy Bouillabaisse: A.W.O.L. (2009 Digital Remaster),Interlude 5,My Phone,Where Do I Go From You,Blue Shoes,After You've Gone (live),California Blue,My Phone,After You've Gone (live),My Phone,California Blue
TRKKXKG128E0791E74,SOJRPQW12B0B808689,ARHATLI1187FB52C76,Toby Keith,It's All Good,country,Interlude 5,B-Boy Bouillabaisse: A.W.O.L. (2009 Digital Remaster),Hair,Alright,It's Alright,She's A Star,Alright,Believe,Revolution,Alright,Believe,She's A Star
TRSSUAV128F148D60F,SOLBJPX12A6D4F901D,ARHATLI1187FB52C76,Toby Keith,Sweet,country,Interlude 5,Overdose (Album Version),B-Boy Bouillabaisse: A.W.O.L. (2009 Digital Remaster),Live Foul,Black Opera,Overdose (Album Version),Live Foul,Futterman's Rule (2009 Digital Remaster),9mm,Live Foul,9mm,LBC And The ING (Explicit)
TRFROET128F148CF1F,SOPBTRI12A6D4F81DA,ARHATLI1187FB52C76,Toby Keith,You Shouldn't Kiss Me Like This,country,Interlude 5,B-Boy Bouillabaisse: A.W.O.L. (2009 Digital Remaster),Closer To You,Not Leaving Without You (Album Version),Kickin' It With Your Girlfriend,One Kiss From Heaven,Not Leaving Without You (Album Version),Kiss Me,One Kiss From Heaven,One Kiss From Heaven,Not Leaving Without You (Album Version),The Way You Move
TRFHVTT12903CF7CD9,SOBAAFP12D02198DCD,ARFR3E51187B9A0A85,Sara Evans,A Real Fine Place To Start,country,Man In The Mirror,Interlude 5,Keep Your Shit The Hardest,Man In The Mirror,Hold Me Down (Album Version),Waiting For The Day,Electric Barbarella (Radio Edit),You're So Fine,Waiting For The Day,Waiting For The Day,Electric Barbarella (Radio Edit),You're So Fine
TRXZNNF12903CA6F9B,SOWEIIN12AB018066C,ARO4WQR1187B9B9825,Kenny Rogers,Endless love,country,Interlude 5,Mic Check,My Darling,I Still Love You,My Heart Belongs To You,Share My World,My Heart Belongs To You,Forever Yours,Share My World,My Heart Belongs To You,Share My World,I Still Love You
TRTSAUB128E07859FC,SOGBBSX12A6701E426,ARV9LSS1187B98C471,Blake Shelton,Love Gets In The Way (Album Version),country,B-Boy Bouillabaisse: A.W.O.L. (2009 Digital Remaster),8 Mile,Fool For Love,Roni,Passin' Me By,Me Or The Papes,Diddy Wah Diddy,TV,I'm Still Dancin' With You,Diddy Wah Diddy,Passin' Me By,TV
TRFMGIO128F42591F0,SOBCKDM12D021B3D99,ARK4ZEK1187B990A4F,George Strait,I'd Like To Have That One Back,country,B-Boy Bouillabaisse: A.W.O.L. (2009 Digital Remaster),Interlude 5,Snoopafella (Edited),Fool For Love,Slow Motion,Snoopafella (Edited),I Want My Girl,I Feel Sorry For Him,She Thinks,I Want My Girl,She Thinks,I Feel Sorry For Him
TRDYUVI128E078F725,SOEJDOV12D021B3BD5,ARK4ZEK1187B990A4F,George Strait,Marina Del Rey,country,B-Boy Bouillabaisse: A.W.O.L. (2009 Digital Remaster),Mainstream,Snoopafella (Edited),Joy Ride,She's In Love,The Curious Kind,The Royal Mile,She's In Love,El Mauro,She's In Love,The Royal Mile,The Curious Kind
TRPNLLB128F14956A5,SOPBLAJ12D02193A82,ARK4ZEK1187B990A4F,George Strait,Milk Cow Blues,country,B-Boy Bouillabaisse: A.W.O.L. (2009 Digital Remaster),Snoopafella (Edited),Interlude 5,The Way You Treated Me (You're Gonna Be Sorry),Louise,Good Morning,Good Morning,The Way You Treated Me (You're Gonna Be Sorry),Worried Life Blues,Good Morning,The Way You Treated Me (You're Gonna Be Sorry),Johnson City
TRTDHSB128F422B90F,SOWKMZU12A81C2165A,ARKZ13R1187FB54FEE,Josh Turner,Another Try,country,8 Mile,Diamonds From Sierra Leone,The Hourglass,Diamonds From Sierra Leone,I Like It (Remix),Dear Lover,Amazed,Christmas Island,Killing Smile,Amazed,Killing Smile,I Like It (Remix)
TREXZYC12903CA281A,SOLDPJZ12AB0186231,ARKZ13R1187FB54FEE,Josh Turner,As Fast As I Could,country,B-Boy Bouillabaisse: A.W.O.L. (2009 Digital Remaster),Interlude 5,Fool For Love,Square One (Album Version),Never Love You,Woke Up Laughing,Square One (Album Version),Keepin' Up,Never Love You,Square One (Album Version),Never Love You,Keepin' Up
TRDXSGX128F425F173,SOTSNDR12A8AE47599,ARF8HTQ1187B9AE693,Daft Punk,One More Time / Aerodynamic,electronic,It's Alright,Interlude 5,Not Leaving Without You (Album Version),It's Alright,Not Leaving Without You (Album Version),D.A.N.C.E [Jackson Remix],Sweet Music,So Much More,One More Time (Romanthony's Unplugged),Sweet Music,One More Time (Romanthony's Unplugged),So Much More
TREAQSX128E07818CA,SOAWSML12A6310F1B7,ARF8HTQ1187B9AE693,Daft Punk,One More Time (Romanthony's Unplugged),electronic,Interlude 5,Splurge,B-Boy Bouillabaisse: A.W.O.L. (2009 Digital Remaster),Rock Wit U (Awww Baby),Splurge,The Hurt,One More Time / Aerodynamic,Baby Come Back,The Hurt,One More Time / Aerodynamic,Baby Come Back,The Hurt
TRBVPVV128F425F14F,SOOHYOB12CF5F87A28,ARF8HTQ1187B9AE693,Daft Punk,Touch It / Technologic,electronic,B-Boy Bouillabaisse: A.W.O.L. (2009 Digital Remaster),Interlude 5,Overdose (Album Version),She Be The One,Around The Way [Explicit Album Version],Hoodrats,She Be The One,Tune Me Out,The Street And Babe Shadow,She Be The One,Tune Me Out,Black
TRBROFT128F92F8769,SOYPPAZ12A8C143CD6,ARORMBJ1241B9CDB1A,Ke$ha,Boots &  Boys,electronic,Manhattan,Joy Ride,Milkshake,Joy Ride,Joy,Manhattan,Jonesy Boy,Joy,Infant Joy,Jonesy Boy,Joy,Infant Joy
TRIIWCU128F92F876A,SOQVJWF12A58A801EF,ARORMBJ1241B9CDB1A,Ke$ha,Animal,electronic,B-Boy Bouillabaisse: A.W.O.L. (2009 Digital Remaster),Interlude 5,Undead,Sleep Tight,The Monitor,Back When,A Viable Commercial,Sleep Tight,The 59th Street Bridge Song (Feelin' Groovy),A Viable Commercial,Sleep Tight,The Monitor
TRVDAHO128F92F231E,SOXUSKK12A8C144F94,AR0IVTL1187B9AD520,Katy Perry,Hot N Cold (Innerpartysystem Main),electronic,Interlude 5,B-Boy Bouillabaisse: A.W.O.L. (2009 Digital Remaster),Safe + Sound,Interlude 5,Warm Bed,B-Boy Bouillabaisse: A.W.O.L. (2009 Digital Remaster),It's Only Your Life,Time Is Money (Bastard),Dudley,It's Only Your Life,Dudley,Time Is Money (Bastard)
TRUGOGT128F92F29E9,SONPGGS12AB0183AD2,AR0WLH6119B8669027,Owl City,Captains and Cruise Ships,electronic,B-Boy Bouillabaisse: A.W.O.L. (2009 Digital Remaster),Weak Become Heroes,My Darling,Weak Become Heroes,Dear Suzie,Spaceman,faraway voice,Spaceman,Mary,faraway voice,Spaceman,Weak Become Heroes
TRNEITZ128F92F29EA,SOIFHDS12AB0183AD5,AR0WLH6119B8669027,Owl City,Designer Skyline,electronic,8 Mile,Mortal City,Mr. Wiggles,8 Mile,Mortal City,Expansion Team Theme,Sunny Road,Marrakech,Red Gold And Green,Sunny Road,Marrakech,Where The Girls Are
TRMIHFS128F92F2A01,SOLCHRP12AC468D757,AR0WLH6119B8669027,Owl City,Early Birdie,electronic,Interlude 5,B-Boy Bouillabaisse: A.W.O.L. (2009 Digital Remaster),8 Mile,Interlude 5,Hair,Chorus Of Angels,Sleeping With The Lights On,How Deep Is The Ocean (How High Is The Sky),From Underneath,Adam Lives In Theory,Hair,2 Deep
TRDEVZQ128F931BAED,SOQLHST12AB0184A27,AR0WLH6119B8669027,Owl City,Meteor Shower,electronic,Interlude 5,8 Mile,Memorial Day,Memorial Day,Down On My Knees,Ain't No Stopping Us Now,Don't Let It Get To You (Album Version),Banstead,Summer On The West Hill,Don't Let It Get To You (Album Version),Banstead,Summer On The West Hill
TRCXWLU128F92F2A0D,SOWHUXB12AB01816EE,AR0WLH6119B8669027,Owl City,This Is The Future,electronic,Interlude 5,8 Mile,Black Smif-n-Wessun (LP Version),Black Smif-n-Wessun (LP Version),Interlude 5,Turn It On,Crime,Wake Up Call (Album Version),Curse,Crime,Tears,Modern Crusaders.
TRVJTNA128F934D19D,SOKTUGM12AB0184005,ARRBF3M1187FB4D59F,30 Seconds To Mars,Kings and Queens (Innerpartysystem Remix Main),electronic,Resolution,I Love U In Me ( LP Version),B-Boy Bouillabaisse: A.W.O.L. (2009 Digital Remaster),Resolution,Sticky,I Love U In Me ( LP Version),Starbound,Heaven's In Here (1999 Digital Remaster),Africa Unite,Starbound,Heaven's In Here (1999 Digital Remaster),Africa Unite
TRRBLPE128F9311B20,SOMSZSA12AB0182E3A,ARVKJGO12086C15075,LMFAO,Bounce,electronic,Strictly 4 My N.I.G.G.A.Z.,Keep Your Shit The Hardest,Safe + Sound,Strictly 4 My N.I.G.G.A.Z.,Keep Your Shit The Hardest,Still On It,Strictly 4 My N.I.G.G.A.Z.,Rowdy Rowdy,24's,Strictly 4 My N.I.G.G.A.Z.,Rowdy Rowdy,The Worst
TRWQYOY128F425BD4C,SOODXDV12A8AE4807F,AR5K3CW1187FB45B46,Crystal Castles,Vanished,electronic,Mortal City,8 Mile,1st Booty On Duty,Mortal City,An Open Letter To NYC,Holding On,On Bedford and Grand,Dead Cities,Riot City,Dead Cities,Greensleeves,On Bedford and Grand
TRLLRQA128F427C709,SOSKKKY12A8C13ED21,AR5K3CW1187FB45B46,Crystal Castles,Xxzxcuzx,electronic,Interlude 5,Dirty Money,Face Down,Dirty Money,Face Down,Interlude 5,Left For Dead,Love Is (What I Say),You're The Voice,Left For Dead,You're The Voice,Love Is (What I Say)
TRDFWPG128F148D4DF,SOIWRAH12A6D4F66C0,ARBEOHF1187B9B044D,Madonna,Die Another Day [Live],electronic,Interlude 5,B-Boy Bouillabaisse: A.W.O.L. (2009 Digital Remaster),Life of Tha Party,Life of Tha Party,Can't Tell Me Nothing,Plumskinzz (Loose Hoe_ God & Cupid),Just Another Day (Album Version),My Dearest Friend,Woke up Dreaming,Just Another Day (Album Version),Woke up Dreaming,Life of Tha Party
TRVWMWN128E0788952,SOMANNK12A6701F0A1,ARN5NHX1187FB4F755,The Smashing Pumpkins,Perfect (Nellee Hooper Instrumental),electronic,Interlude 5,Closer To You,The Lover In Me,The Lover In Me,Survive,Lovers In Captivity,Pass The Dutchie,The Lover In Me,Lovers In Captivity,Pass The Dutchie,The Lover In Me,Lovers In Captivity
TRDHPGJ128F4289C44,SOESBMW12A8AE48210,AR8V1X71187B9B919B,Kylie Minogue,Love At First Sight (The Scumfrog's Beauty And The Beast Vocal Edit),electronic,Interlude 5,Kickin' It With Your Girlfriend,Weak Become Heroes,Kickin' It With Your Girlfriend,Kiss,I Believe,You Are The Only One I Love,I Believe,Kiss,You Are The Only One I Love,I Believe,Kiss
TRFSQXF128F9311B25,SOCHMTD1288D3E7D9D,ARVKJGO12086C15075,LMFAO,I Am Not A Whore,electronic,8 Mile,Interlude 5,B-Boy Bouillabaisse: A.W.O.L. (2009 Digital Remaster),8 Mile,Hoodrats,Mr. Cool (Featuring Mario Winans) (Album Version),Love Me Tender,Mr. Cool (Featuring Mario Winans) (Album Version),Rush,Love Me Tender,Mr. Cool (Featuring Mario Winans) (Album Version),Rush
TRXACXM12903CEC365,SOEFTYS129F06C1DEB,ARPD2KK1187B9B8B98,Cascada,Fever,electronic,Interlude 5,B-Boy Bouillabaisse: A.W.O.L. (2009 Digital Remaster),8 Mile,Man In The Mirror,Make Me Lose Control,Better Than Making Love,Better Than Making Love,Call Me Up,Kiss me now,Better Than Making Love,Call Me Up,Kiss me now
TRWWVGC12903CB5C50,SOBSJQH12AB01876C3,AR6LZB61187B9AF431,Depeche Mode,Freestate,electronic,Mr. Outsider,Man In The Mirror,Interlude 5,Let Yourself Go,Get This Party Started: Ghost Remix,Enjoy Yourself,Let Yourself Go,Phoenix From The Fire,Enjoy Yourself,Let Yourself Go,Phoenix From The Fire,Enjoy Yourself
TRYIJWH128F146948C,SOXZUAV12A6310F21A,AR6LZB61187B9AF431,Depeche Mode,Personal Jesus,electronic,Personal Jesus,Reach Out And Touch (Live @ Fillmore West),Overdose (Album Version),Personal Jesus,Reach Out And Touch (Live @ Fillmore West),Talk To My Heart (Recorded Live In London '99),Personal Jesus,-9-,Reach Out And Touch (Live @ Fillmore West),Personal Jesus,-9-,Reach Out And Touch (Live @ Fillmore West)
TRDIAZY12903CB6532,SOWUJPS12AB018ACA8,ARAXU5Z1187B98FECD,Gorillaz,Broken,electronic,Spitfall,B-Boy Bouillabaisse: A.W.O.L. (2009 Digital Remaster),The Hourglass,Spitfall,I'm a Broken Heart,Forgiveness,I'm a Broken Heart,Broken Hearted,The Weak Shall Prevail,I'm a Broken Heart,Broken Hearted,Forgiveness
TRTUJAL128F423E18D,SOGNWLL12AF72AAA61,ARAXU5Z1187B98FECD,Gorillaz,Kids With Guns (Quiet Village Remix),electronic,Kids With Guns (Jamie T's Turns To Monsters Mix),Interlude 5,Push Me Away,Kids With Guns (Jamie T's Turns To Monsters Mix),Push Me Away,Keep It Real,Kids With Guns (Jamie T's Turns To Monsters Mix),To Satellite,Push Me Away,Kids With Guns (Jamie T's Turns To Monsters Mix),To Satellite,Push Me Away
TRBTXNE12903CB6528,SOCMRWF12AB018AC92,ARAXU5Z1187B98FECD,Gorillaz,Rhinestone Eyes,electronic,Interlude 5,B-Boy Bouillabaisse: A.W.O.L. (2009 Digital Remaster),Beautiful Struggle,Dandelion Hill,Soul Power,Beautiful Struggle,Dandelion Hill,99 Red Balloons,California Blue,Dandelion Hill,99 Red Balloons,Soul Power
TRKQRSQ128F92D5134,SOTTAJB12A8C142C18,AR4L4WQ1187FB51996,The Prodigy,Invaders Must Die,electronic,The Earth Dies Screaming,Nipple To The Bottle,I'll Die,The Earth Dies Screaming,Nipple To The Bottle,I'll Die,Stavesail,Nipple To The Bottle,The Earth Dies Screaming,Stavesail,Nipple To The Bottle,The Earth Dies Screaming
TRBFVAA128F423C356,SOCWAFA12A8AE48A78,AR4L4WQ1187FB51996,The Prodigy,Wake Up Call (Album Version),electronic,Right Here Right Now,Chorus Of Angels,Interlude 5,Right Here Right Now,Chorus Of Angels,Therapy,Right Here Right Now,From This Dream,Therapy,From This Dream,Right Here Right Now,Therapy
TRFSCLD12903CD213F,SOENGNL12AB018E1BD,AR4L4WQ1187FB51996,The Prodigy,We Gonna Rock,electronic,The Answer,Baby We've Got A Date (Rock It Baby),Stop The Rock,Stop The Rock,Baby We've Got A Date (Rock It Baby),The Answer,Stop The Rock,Rock Lobster (Live),Baby We've Got A Date (Rock It Baby),Stop The Rock,Rock Lobster (Live),Baby We've Got A Date (Rock It Baby)
TRZTQEP128E0792526,SOYMEOT12A6701DE9A,ARK9TRQ1187B99C095,Nine Inch Nails,The Great Collapse,electronic,Take My Money,That Kind Of Woman,Ain't That Just Like A Woman,Take My Money,That Kind Of Woman,Ain't That Just Like A Woman,W.O.M.A.N.,Ain't That Just Like A Woman,I'm A Woman,W.O.M.A.N.,Ain't That Just Like A Woman,I'm A Woman
TRLTFVP128E0782B34,SOITPXC12A6310E0DA,AR9L6R11187B9AA3F2,Duran Duran,Electric Barbarella (Radio Edit),electronic,Interlude 5,B-Boy Bouillabaisse: A.W.O.L. (2009 Digital Remaster),Time To Make You Mine,Time To Make You Mine,Kiss,A Real Fine Place To Start,Time To Make You Mine,You're So Fine,A Real Fine Place To Start,Time To Make You Mine,You're So Fine,A Real Fine Place To Start
TRFVWXW128F931A0E9,SOPERLI129F0824AA5,ARAOQ5T1187FB435AB,Björk,Pluto,electronic,Undead,8 Mile,Interlude 5,Tomorrow's Just Another Day,Undead,This Is The New Shit,i like the sunrise,All The Bodies,Wait,i like the sunrise,All The Bodies,Wait
TRKQQMW128F92D54DF,SOMXUUY12A8C141D38,ARD063K11C8A422ED7,Empire Of The Sun,Delta Bay,electronic,B-Boy Bouillabaisse: A.W.O.L. (2009 Digital Remaster),Interlude 5,The Dance,B-Boy Bouillabaisse: A.W.O.L. (2009 Digital Remaster),Who Shot Sam,Shot In The Dark,Who Shot Sam,The Messiah Will Come Again,Shot In The Dark,Who Shot Sam,The Messiah Will Come Again,Shot In The Dark
TRFYMPB128F93100C0,SOXKRRQ12AB017C0F2,ARD063K11C8A422ED7,Empire Of The Sun,We Are The People (Shazam Remix),electronic,Interlude 5,B-Boy Bouillabaisse: A.W.O.L. (2009 Digital Remaster),My Darling,Believe,One of Us,One Tribe,Even So,Believe,The End Of The World,Even So,Believe,The End Of The World
TRBCSDW128F424D686,SOQWSGM12A6D4FC3C6,ARIRCA31187FB58E84,The Maine,You Left Me,electronic,Touch Me,Can't Get You Off My Mind,Kozmic Blues,Can't Get You Off My Mind,Touch Me,Kozmic Blues,Can't Get You Off My Mind,Outside World,Love Is Strange,Can't Get You Off My Mind,Outside World,Love Is Strange
TRRXQJA128F1472A56,SOYPJMP12AF72A901D,ARWA8AH1187FB3FC84,Hot Chip,The Warning,electronic,B-Boy Bouillabaisse: A.W.O.L. (2009 Digital Remaster),"Pacifics (Sdtrk ""N.Y. Is Red Hot"")",Mainstream,"Pacifics (Sdtrk ""N.Y. Is Red Hot"")",Show Me The Money,Mainstream,"Pacifics (Sdtrk ""N.Y. Is Red Hot"")",Show Me The Money,Lullaby of the Moths,"Pacifics (Sdtrk ""N.Y. Is Red Hot"")",Show Me The Money,Lullaby of the Moths
TRMDYBW128F14A17E8,SOODBDC12A8C13E4E9,ARTH03J1187FB3E00C,Enter Shikari,Keep It On Ice,electronic,She Ain't Afraid,8 Mile,Undead,She Ain't Afraid,8 Mile,Undead,My Funny Valentine,His Name Is Mutty Ranks,My Funny Valentine,His Name Is Mutty Ranks,My Funny Valentine,Fluffy Pup
TRCNUNL128F93437CF,SOYQNWH12AB0180C07,ARTH03J1187FB3E00C,Enter Shikari,The Jester,electronic,Interlude 5,Overdose (Album Version),Touch Me,Get Your Hands Up,Overdose (Album Version),Everything For Free,10_000 Feet,Black And Blue Again,Intro,Get Your Hands Up,10_000 Feet,Here I Go Again
TRIPJIJ128F1453AE0,SORSPQO12A6D4F782F,AREACYD1187FB566DE,Enya,Lazy Days,electronic,B-Boy Bouillabaisse: A.W.O.L. (2009 Digital Remaster),St. Louie,Close My Eyes,One Happy Day,Jordan River,Dandelion Hill,One Happy Day,Take It Back,Ocean Floor,One Happy Day,Take It Back,Something I Can Never Have
TRPLRVY128F1473EBE,SOTCEXG12A6D4F60FE,AREACYD1187FB566DE,Enya,Someone Said Goodbye,electronic,Never Did Say Goodbye,Words Get In The Way,Interlude 5,Never Did Say Goodbye,Words Get In The Way,Walking The Backstreets And Crying,Never Did Say Goodbye,Treason,All We Ever Do Is Say Goodbye,Never Did Say Goodbye,Treason,All We Ever Do Is Say Goodbye
TRWPUDX128F148F907,SODFLBN12A6D4F923A,AREACYD1187FB566DE,Enya,The Magic Of The Night,electronic,Close My Eyes,Angel,Angel Without A Prayer,Angel Without A Prayer,Angels on Earth,Angel,Flying high,Angels on Earth,When I Needed an Angel,Flying high,Angels on Earth,When I Needed an Angel
TRZQTSM128F9328120,SOZDITZ12A58A7B41A,AR91C8S1187B990901,Bruce Springsteen,Gave It A Name,folk,B-Boy Bouillabaisse: A.W.O.L. (2009 Digital Remaster),One of Us,Interlude 5,One of Us,Travelin' Soldier,El Lute,I Feel Sorry For Him,Bungee,Captain Anarchy,I Feel Sorry For Him,Bungee,Captain Anarchy
TRNZCWJ128F427099F,SODXHZV12A8C1340B6,ARH861H1187B9B799E,Johnny Cash,The Vanishing Race,folk,B-Boy Bouillabaisse: A.W.O.L. (2009 Digital Remaster),Roll On (Eighteen Wheeler),The Dance,Roll On (Eighteen Wheeler),B-Boy Bouillabaisse: A.W.O.L. (2009 Digital Remaster),Peace Train,Willie,Wabash Cannonball,Black Train Blues,Willie,Wabash Cannonball,Roll On (Eighteen Wheeler)
TRJQRAP128F9314B3F,SOMSWGY12AB017F755,ARZENOX1187B98A645,John Mayer,All We Ever Do Is Say Goodbye,folk,Don't Say Goodbye,Interlude 5,Never Did Say Goodbye,Don't Say Goodbye,Never Did Say Goodbye,Goodbye,This Lull-a-bye (Album Version),Don't Say No More,Goodbye,This Lull-a-bye (Album Version),Don't Say No More,Goodbye
TRETJUU128F426402A,SOYHOTV12A8C132B9B,ARZENOX1187B98A645,John Mayer,Clarity,folk,Don't Take Away The Music,Tell You Something (Nana's Reprise),Been A Long Time (Featuring Nate Dogg),Don't Take Away The Music,Tell You Something (Nana's Reprise),Rubylove,Rubylove,Ooh La La,Throb,Rubylove,Ooh La La,Throb
TRNOUUF128F4280B8D,SOHREDT12A8C13862F,ARZENOX1187B98A645,John Mayer,Why Georgia,folk,8 Mile,Interlude 5,Curse,Curse,8 Mile,Hair,Grey (from Revelling Reckoning),I Wonder If I Care As Much,Life It What It Is (Remastered LP Version),Life It What It Is (Remastered LP Version),Hair,Grey (from Revelling Reckoning)
TREKVTY128E0784BA3,SOBHKVI12A6701F1C8,ARC8CQZ1187B98DECA,Jack Johnson,Mudfootball (For Moe Lerner),folk,Interlude 5,B-Boy Bouillabaisse: A.W.O.L. (2009 Digital Remaster),8 Mile,Interlude 5,She's Everything,Kill The President,Neptune,lucky to be me,She's Everything,Interlude 5,Find My Way Back To My Heart,New Song
TRYNAAP128F427EF64,SOCJTTL12A8C14009F,AR7OA5G1187B98D3A0,Sufjan Stevens,Sister Winter,folk,Stone Cold Heart,Love Is Wicked,Your Eyes,Stone Cold Heart,Your Eyes,Peace (LP Version),I Wish You Love,Put Your Dreams Away,Stone Cold Heart,I Wish You Love,Stone Cold Heart,Put Your Dreams Away
TRFMWVJ128E0791E70,SODZLMJ127D977E810,ARE0WH81187B9A7BA3,Rufus Wainwright,In A Graveyard,folk,Weak Become Heroes,I'm Going On A Long Journey Never To Return,The Hourglass,Weak Become Heroes,I'm Going On A Long Journey Never To Return,Cat's In The Cradle,Static Age,I'm Going On A Long Journey Never To Return,Weak Become Heroes,Static Age,I'm Going On A Long Journey Never To Return,Weak Become Heroes
TRLTTDC128E079380E,SOCTYHG12A679D7E2B,ARE0WH81187B9A7BA3,Rufus Wainwright,Baby,folk,B-Boy Bouillabaisse: A.W.O.L. (2009 Digital Remaster),Interlude 5,8 Mile,Slow Motion,Roni,Fall On My Knees,Fall On My Knees,My Little Girl,Blister In The Sun,Fall On My Knees,My Little Girl,Love Won't Let Me Wait
TRUCWXA128F92E4944,SOYGQGR12AF72ABAB8,ARQEBGJ122E6447D2B,Edward Sharpe & The Magnetic Zeros,Janglin,folk,Interlude 5,Daddy's Moonshine Still,B-Boy Bouillabaisse: A.W.O.L. (2009 Digital Remaster),Daddy's Moonshine Still,Likkle Africa,Carry On,Dead Weight Falls (Album Version),Daddy's Moonshine Still,Sigillum Diaboli,Daddy's Moonshine Still,Dead Weight Falls (Album Version),Likkle Africa
TRGQBAX128F426EFCA,SOERZLJ12A8C132D53,AR5FP401187FB523C9,Bob Dylan,Ballad In Plain D,folk,B-Boy Bouillabaisse: A.W.O.L. (2009 Digital Remaster),Interlude 5,8 Mile,Queen Of Hollywood ( LP Version ),Passin' Me By,Day Of The Eagle,Nothing Left to Mutilate,Mommy For A Day,Albino,Mommy For A Day,Passin' Me By,Nothing Left to Mutilate
TRGSDTP128F92F76D1,SOHMZEX12A8C132F5F,AR5FP401187FB523C9,Bob Dylan,One Of Us Must Know (Sooner Or Later),folk,Interlude 5,8 Mile,Trife Life,Interlude 5,Kickin' It With Your Girlfriend,That's How I Beat Shaq,The Skeleton Song,I Didn't Mean To Turn You On,I Didn't Know That You Cared,The Skeleton Song,Interlude 5,Numbers
TRMRMTN128F92D426F,SOIZDJI12A8C1435C7,ARSF0K11187B9AF319,James Taylor,It's Growing,folk,Interlude 5,Hey Ladies (2009 Digital Remaster),Coal Black Horses,Interlude 5,Coal Black Horses,Stop Playin',Hey Now,Tin Pan Alley (aka Roughest Place In Town),Stop Playin',Stop Playin',Blues Prelude,Tin Pan Alley (aka Roughest Place In Town)
TRDFPTZ128F14B108C,SOJKUOG12A6D4FD11D,ARSF0K11187B9AF319,James Taylor,Oh_ Susannah (LP Version),folk,B-Boy Bouillabaisse: A.W.O.L. (2009 Digital Remaster),Overdose (Album Version),Interlude 5,Love Henry,Down On My Knees,Overdose (Album Version),Love Henry,Down On My Knees,Needles And Pins (Remastered Album Version ),Love Henry,Down On My Knees,Needles And Pins (Remastered Album Version )
TROZEMN128F4262CCA,SOHSTLE12A8C132425,ARSF0K11187B9AF319,James Taylor,Something In The Way She Moves,folk,Interlude 5,B-Boy Bouillabaisse: A.W.O.L. (2009 Digital Remaster),What's On Your Mind,Interlude 5,B-Boy Bouillabaisse: A.W.O.L. (2009 Digital Remaster),What's On Your Mind,Cherry Ball Blues,You're So Fine,By The Bed,Cherry Ball Blues,You're So Fine,By The Bed
TRGAZWQ12903CB0BA9,SOGJZZZ12AF72AA43B,ARYQES41187B9B960F,David Gray,Draw The Line,folk,Interlude 5,B-Boy Bouillabaisse: A.W.O.L. (2009 Digital Remaster),8 Mile,Strike It Up,The Irony Of It All (Album Version),We're Going To Live For A Very Long Time (2006 Digital Remaster),Strike It Up,Move Me On Down The Line [Remastered Album Version],Farewell Ride,Strike It Up,The Irony Of It All (Album Version),Adam Lives In Theory
TRSNACX128E078AA88,SOKYDGS12A6701E3CB,ARYQES41187B9B960F,David Gray,Sail Away,folk,Kozmic Blues,Piece Of My Heart,Interlude 5,Kozmic Blues,Piece Of My Heart,Never Go Away,Give Me Back My Wig,Shining Star,Never Go Away,Give Me Back My Wig,Never Go Away,Shining Star
TRXCQOC12903CB0BBA,SOEWUQY12AB0188156,ARYQES41187B9B960F,David Gray,Stella The Artist,folk,B-Boy Bouillabaisse: A.W.O.L. (2009 Digital Remaster),Interlude 5,1st Booty On Duty,1st Booty On Duty,B-Boy Bouillabaisse: A.W.O.L. (2009 Digital Remaster),The Hourglass,Winter Rose,Keep Your Hands Off Her,ROSE IN THE SAND,Winter Rose,Keep Your Hands Off Her,Prayer for Beauty
TRPGPVH128F429B2F0,SOGACYC12A8C13C528,ARZWK2R1187B98F09F,Rise Against,Swing Life Away (Acoustic),folk,Interlude 5,8 Mile,1st Booty On Duty,1st Booty On Duty,Live This Life (Album Version + Non-Music Hidden Track),Interlude 5,Bourbon Borderline,Summer On The West Hill,Moonlight,Bourbon Borderline,Summer On The West Hill,Revenge
TRHLRGU128F42643FB,SORGTNE12D02193408,AR5FP401187FB523C9,Bob Dylan,Billy 4,folk,B-Boy Bouillabaisse: A.W.O.L. (2009 Digital Remaster),The Hourglass,The Dance,St. Louie,B-Boy Bouillabaisse: A.W.O.L. (2009 Digital Remaster),Plumskinzz (Loose Hoe_ God & Cupid),Something to remember you by,Down By The River [Live At Massey Hall 1971],Whisper,St. Louie,The Illest Brother,Something to remember you by
TRFCCKL128F426EE8E,SORACYK12D02193097,AR5FP401187FB523C9,Bob Dylan,Stuck Inside Of Mobile With The Memphis Blues Again,folk,B-Boy Bouillabaisse: A.W.O.L. (2009 Digital Remaster),Interlude 5,The Dance,B-Boy Bouillabaisse: A.W.O.L. (2009 Digital Remaster),Interlude 5,Tha Payroll (Stay Strong),Li'l Jack Horny,Beale Street Mama,The Winkle Man,The Winkle Man,Beale Street Mama,B-Boy Bouillabaisse: A.W.O.L. (2009 Digital Remaster)
TRGOYOU128F93223F2,SOWILEH12CF5F8729B,AR5FP401187FB523C9,Bob Dylan,Pretty Peggy-O,folk,B-Boy Bouillabaisse: A.W.O.L. (2009 Digital Remaster),Interlude 5,Wolfman Jack,Travelin' Soldier,Elvis Presley Blues,If I Had My Way I'd Tear This Building Down,My Pretty Girl,Truly Dead,Dead Love,My Pretty Girl,Truly Dead,Dead Love
TROMGSH128F427A408,SOBADWZ12CF5F86CD7,AR5FP401187FB523C9,Bob Dylan,She Belongs To Me,folk,She Ain't Afraid,1st Booty On Duty,Hair,She's Everything,Luv Me Up,She Ain't Afraid,Beef Bologna,When A Woman Loves A Man,She's Everything,When A Woman Loves A Man,She's Everything,Beef Bologna
TRFBWEC128F42B8346,SOFDFBL12CF5F89018,AR5FP401187FB523C9,Bob Dylan,When The Deal Goes Down,folk,Interlude 5,B-Boy Bouillabaisse: A.W.O.L. (2009 Digital Remaster),8 Mile,Strings,8 Mile,Red Flag,Strings,Strayz (Album Version),Eventide,Strings,Framed Then Failed,Hold Me So Tight
TRDVYVJ128F426F7C0,SOXYGEE12CF5F875CF,AR5FP401187FB523C9,Bob Dylan,With God On Our Side,folk,Interlude 5,The Hourglass,B-Boy Bouillabaisse: A.W.O.L. (2009 Digital Remaster),Into Battle,The Hourglass,Jesus Is Coming Soon,Into Battle,Realities Of War,Kafir !,Into Battle,Kinky Sex Makes the World Go 'Round,Thanks For Nothing
TREKVGV128E0788976,SOSHHZB12A6701F0C5,ARN5NHX1187FB4F755,The Smashing Pumpkins,Terrapin,folk,Safe + Sound,Hair,Interlude 5,Safe + Sound,We Are In Love,Stuck Inside Of Mobile With The Memphis Blues Again,We Are In Love,Embraceable you,Black Is The Color,We Are In Love,Embraceable you,Black Is The Color
TRUUBKE128F426F5C0,SONBFSZ12AF729E7A3,ARSF0K11187B9AF319,James Taylor,On The 4th of July,folk,8 Mile,Interlude 5,The Hourglass,8 Mile,Resurrection,Standing,Stavesail,Closer To The Heart,Proud To Fall,Standing,Proud To Fall,Stavesail
TRJZYIT128F426D5BE,SONYMBG12CF5826721,ARSF0K11187B9AF319,James Taylor,Company Man,folk,B-Boy Bouillabaisse: A.W.O.L. (2009 Digital Remaster),Man In The Mirror,Interlude 5,Man In The Mirror,B-Boy Bouillabaisse: A.W.O.L. (2009 Digital Remaster),The Strawberry Roan,Chinese Arithmetic,It's Not OK [Live From London],The Strawberry Roan,Chinese Arithmetic,The Strawberry Roan,It's Not OK [Live From London]
TRYOIZM128F14567A0,SODRUMV12A6D4F7A58,ARTBSEF1187FB3CBDE,Jimmy Buffett,Ace,folk,B-Boy Bouillabaisse: A.W.O.L. (2009 Digital Remaster),The Hourglass,Interlude 5,The Hourglass,Old Hippie,B-Boy Bouillabaisse: A.W.O.L. (2009 Digital Remaster),Old Hippie,El Lute,Possessed To Skate,Old Hippie,The Hourglass,El Lute
TRQYFLB128E078941E,SOBRYFG12AF72A1BAE,ARGHBVV1187FB4D57A,Ryan Adams,How Do You Keep Love Alive,folk,Interlude 5,B-Boy Bouillabaisse: A.W.O.L. (2009 Digital Remaster),The Hourglass,Southern Hospitality,Ain't No Woman (Like The One I've Got),Days Like These,Goodbye Young Tutor_ You've Now Outgrown Me,Southern Hospitality,Black Mountain Blues,Goodbye Young Tutor_ You've Now Outgrown Me,Southern Hospitality,Ain't No Woman (Like The One I've Got)
TRZUSDI128F4259806,SOXBQDJ12A6D4F93CC,ARGHBVV1187FB4D57A,Ryan Adams,When The Stars Go Blue,folk,Where Do I Go From You,Blue Shoes,Weak Become Heroes,Where Do I Go From You,Blue Shoes,Laughing At Life,Laughing At Life,In The Blue Of The Evening,Static Age,Laughing At Life,In The Blue Of The Evening,Static Age
TRWUFEW128F14782F3,SOBCLWO12A6D4F83AD,AR90WS41187FB3F064,Ray LaMontagne,Forever My Friend,folk,Interlude 5,Tell You Something (Nana's Reprise),B-Boy Bouillabaisse: A.W.O.L. (2009 Digital Remaster),Interlude 5,Tell You Something (Nana's Reprise),Call Me,Call Me,Straight From The Heart,Make You Sweat (LP Version),Call Me,Straight From The Heart,Make You Sweat (LP Version)
TRPZXTD128F14856D4,SOFZRDV12A6D4FACB1,AR90WS41187FB3F064,Ray LaMontagne,How Come [Acoustic Mix],folk,Interlude 5,B-Boy Bouillabaisse: A.W.O.L. (2009 Digital Remaster),I Love U In Me ( LP Version),Interlude 5,Everybody Everybody,One of Us,Everybody Everybody,Begin Again,The Christmas Song,Everybody Everybody,Begin Again,Demons Annoying Me
TRIOKOC128F4267572,SOIOLFS12D021989DD,ARTQ8QP1187FB3D220,Leonard Cohen,Chelsea Hotel #2,folk,Interlude 5,Snoopafella (Edited),B-Boy Bouillabaisse: A.W.O.L. (2009 Digital Remaster),Snoopafella (Edited),Interlude 5,Piece Of My Heart,One Time We Lived,'Til There Was You,Weekenders,One Time We Lived,Come Get To This,Weekenders
TREBQMO128F42828DB,SOOHIHR12AF72A7053,ARIDDOM1187B9A1360,We Are Scientists,Lethal Enforcer (Live From Union Chapel_ London),folk,Interlude 5,Ice Is Workin' It,B-Boy Bouillabaisse: A.W.O.L. (2009 Digital Remaster),Interlude 5,Take Me,One Word,Take Me,Don't Get Around Much Anymore,Love Don't Live Here,Take Me,Don't Get Around Much Anymore,Revenge
TRIQKDQ128F146F504,SOVWOMM12A6D4F8484,ARCJKV91187FB46210,KT Tunstall,Change,folk,Interlude 5,8 Mile,Mortal City,Interlude 5,Mortal City,So Alone,Angst In My Pants,Hindsight,Cat And Mouse,Hindsight,Angst In My Pants,So Alone
TRBFURI128F1455498,SOLMCFH12A58A7FACE,ARCJKV91187FB46210,KT Tunstall,Under The Weather,folk,B-Boy Bouillabaisse: A.W.O.L. (2009 Digital Remaster),8 Mile,Interlude 5,Sick,Under My Skin,Kill The President,Where I Stand,Can't Find My Way Home,Boom Boom (Out Go The Lights),Where I Stand,Love 101,I've Got You Under My Skin
TRVLECJ128E078235B,SOSJLXU12A6310F2B2,AR0L04E1187B9AE90C,The Verve,So Sister,folk,B-Boy Bouillabaisse: A.W.O.L. (2009 Digital Remaster),Miss Ann,1st Booty On Duty,Miss Ann,Miss You,Disconnect,Miss Ann,When She's Gone,Miss Otis Regrets,Miss Ann,By The Time I Get To Phoenix,When She's Gone
TRMLKKJ128E0798A59,SONNMHJ12A67AE098E,AR8886N1187B9B330A,Liz Phair,Lost Tonight,folk,B-Boy Bouillabaisse: A.W.O.L. (2009 Digital Remaster),Let's All Get Drunk,It's Alright,Let's All Get Drunk,It's Alright,Out of Character,Out of Character,Disco,Even Cowgirls Get The Blues,Out of Character,Even Cowgirls Get The Blues,Disco
TRYBZQD12903CD1380,SONJLBP12AB018A66C,AR9UC071187B9B76FD,The Pogues,Sunnyside Of The Street,folk,B-Boy Bouillabaisse: A.W.O.L. (2009 Digital Remaster),Interlude 5,The Dance,The Dance,Work Work,Dead End Street,On The Sunny Side Of The Street,Fannin Street,Marrakech,On The Sunny Side Of The Street,Dead End Street,Fannin Street
TRHYZQR128F428F5C5,SOAWESO12A8C13AC4E,ARRH63Y1187FB47783,Kanye West,Can't Tell Me Nothing,hip hop,Interlude 5,B-Boy Bouillabaisse: A.W.O.L. (2009 Digital Remaster),Dirty Money,Interlude 5,Tell You Something (Nana's Reprise),Dirty Money,I La La La Love You,Alamo,I'm Not In The Mood (To Say No)!,I La La La Love You,Interlude 5,These Boots Are Made For Walkin'
TRPQDHV128E07845CB,SOWZAHB12AF72A4B46,ARRH63Y1187FB47783,Kanye West,Graduation Day,hip hop,Interlude 5,Overdose (Album Version),Black Opera,Black Opera,Fool For Love,1st Booty On Duty,Crossing the Boundary,I'm,Black Opera,Crossing the Boundary,I'm,Black Opera
TRHAGFQ128F428B8EA,SOLBUFV12A67020A39,ARRH63Y1187FB47783,Kanye West,Wake Up Mr. West,hip hop,Keep Your Shit The Hardest,Honest Expression,Interlude 5,Keep Your Shit The Hardest,Honest Expression,Real Muthaphuckkin' G's,Like Nothing Else,Keep Your Shit The Hardest,Love Don't Have To Be So Hard,Keep Your Shit The Hardest,Like Nothing Else,Honest Expression
TRQXYGU128E079236A,SOIJTSI12A6701FD8B,ARTDQRC1187FB4EFD4,Black Eyed Peas,A8,hip hop,Interlude 5,Man In The Mirror,B-Boy Bouillabaisse: A.W.O.L. (2009 Digital Remaster),Man In The Mirror,Blues For Suckers,Honest Expression,Dla Niego,An Mhaighdean Mhara,Oh Na Na Na,Man In The Mirror,Dla Niego,Blues For Suckers
TRBUESY128F92F81F6,SOVVVXC12AB017F162,ARTDQRC1187FB4EFD4,Black Eyed Peas,Boom Boom Guetta,hip hop,Overdose (Album Version),The Answer,AJ Scratch,AJ Scratch,Overdose (Album Version),The Answer,Steady Beat Convention,We Gonna Rock,Feel The Beat,Steady Beat Convention,Pass The Mic (Pt. 2_ Skills To Pay The Bills) (2009 Digital Remaster),We Gonna Rock
TRPDBLM128E0792367,SOZRPOY12A8C1455F5,ARTDQRC1187FB4EFD4,Black Eyed Peas,Communication,hip hop,B-Boy Bouillabaisse: A.W.O.L. (2009 Digital Remaster),Overdose (Album Version),I'm That Type Of Ni**a,I'm That Type Of Ni**a,The Rockafeller Skank,Make the Music With Your Mouth_ Biz,I Got It Goin' On,Guitar Playin',I'm That Type Of Ni**a,Guitar Playin',I'm That Type Of Ni**a,All For One (Explicit) (2006 Remastered LP Version)
TRLINLH128F9346400,SOROKRP12AF729F9B4,ARTDQRC1187FB4EFD4,Black Eyed Peas,One Tribe,hip hop,Interlude 5,B-Boy Bouillabaisse: A.W.O.L. (2009 Digital Remaster),The Illest Brother,Interlude 5,The Illest Brother,She's A Star,Yours (Live),Jerusalem,The Illest Brother,The Illest Brother,Yours (Live),Jerusalem
TREPPUG128F9301FAB,SOBRREA12A6701C403,ARTDQRC1187FB4EFD4,Black Eyed Peas,Sexy,hip hop,Interlude 5,Overdose (Album Version),Honest Expression,Naked,Overdose (Album Version),Honest Expression,Naked,In The Kitchen,Let It Flow,Naked,In The Kitchen,Let It Flow
TRBBVNR128E078E1E4,SOCMYLF12A67020A4D,ARTDQRC1187FB4EFD4,Black Eyed Peas,Tell Your Momma Come,hip hop,Overdose (Album Version),Do The Bartman,Interlude 5,Do The Bartman,Back In The Day (Explicit LP Version),Pass The Mic (Pt. 2_ Skills To Pay The Bills) (2009 Digital Remaster),Pass The Mic (Pt. 2_ Skills To Pay The Bills) (2009 Digital Remaster),Back In The Day (Explicit LP Version),Show Me The Money,Pass The Mic (Pt. 2_ Skills To Pay The Bills) (2009 Digital Remaster),Back In The Day (Explicit LP Version),Show Me The Money
TRTJVGX128E078EB1C,SOUNVLC12A6701C406,ARTDQRC1187FB4EFD4,Black Eyed Peas,The Apl Song,hip hop,Interlude 5,Overdose (Album Version),B-Boy Bouillabaisse: A.W.O.L. (2009 Digital Remaster),Overdose (Album Version),Interlude 5,Party For Your Right To Fight,Futterman's Rule (2009 Digital Remaster),Party For Your Right To Fight,Pass The Mic (Pt. 2_ Skills To Pay The Bills) (2009 Digital Remaster),Flow On (Move Me No Mountain),Overdose (Album Version),Party For Your Right To Fight
TRDJOCY128F4294CD5,SOTHRKJ12A6701C2D8,ARRH63Y1187FB47783,Kanye West,Diamonds From Sierra Leone,hip hop,B-Boy Bouillabaisse: A.W.O.L. (2009 Digital Remaster),Interlude 5,Overdose (Album Version),Overdose (Album Version),Honest Expression,Knick Knack Patty Wack,Flow On (Move Me No Mountain),Honest Expression,It's Like That,Flow On (Move Me No Mountain),Honest Expression,Bad Mutha
TREADOS128E078EC1F,SORAWSB12A6701FBC8,ARTH9041187FB43E1F,Eminem,If I Had,hip hop,B-Boy Bouillabaisse: A.W.O.L. (2009 Digital Remaster),Interlude 5,Overdose (Album Version),Overdose (Album Version),She Ain't Afraid,Honest Expression,I'm So Glad,This World,Be Like Me,I'm So Glad,Honest Expression,That's What It Is
TRHPAVK128E078EC9C,SOKJZZN12A6701C77A,ARTH9041187FB43E1F,Eminem,Ken Kaniff,hip hop,Overdose (Album Version),B-Boy Bouillabaisse: A.W.O.L. (2009 Digital Remaster),Interlude 5,Soopaman Luva 3,She Ain't Afraid,Overdose (Album Version),Soopaman Luva 3,Givin' Up (Clean Version),Faulty,Soopaman Luva 3,Faulty,Hair
TRGLNKG128F9307689,SOFVLYU12AB017F502,ARTH9041187FB43E1F,Eminem,My Darling,hip hop,Interlude 5,B-Boy Bouillabaisse: A.W.O.L. (2009 Digital Remaster),Overdose (Album Version),Overdose (Album Version),Interlude 5,I'm A Winner (Amended Album Version),Stir It Up,My Dearest Darling,Go Now,The Illest Brother,Interlude 5,Rock It Like That
TRCHZXW128E079288A,SOMEJDK12D0219BB71,ARTH9041187FB43E1F,Eminem,8 Mile,hip hop,B-Boy Bouillabaisse: A.W.O.L. (2009 Digital Remaster),Interlude 5,Overdose (Album Version),She Ain't Afraid,I'm A Winner (Amended Album Version),Real Muthaphuckkin' G's,Book Of Life,Momma Knows,She Ain't Afraid,Book Of Life,Flow On (Move Me No Mountain),Mainstream
TRCDLUM128F9331CA9,SOOOJWM12A8C13AC0E,ARPDVPJ1187B9ADBE9,Usher,Love Was Here,hip hop,Interlude 5,Man In The Mirror,Hair,Man In The Mirror,Baby Come Back,Billie Jean,All Of Me,Baby Come Back,Billie Jean,All Of Me,Baby Come Back,Billie Jean
TRPMNRL128F9302AD7,SOEVGOY12AB0181053,ARCGJ6U1187FB4D01F,Akon,Be With You,hip hop,Interlude 5,B-Boy Bouillabaisse: A.W.O.L. (2009 Digital Remaster),Honest Expression,Interlude 5,Playas Gon' Play,Revenge,Random I Am (Album Version),The Way It Is,Revenge,Random I Am (Album Version),Revenge,Ain't No Way (You Won't Love Me)
TRRIRMX128F92E6272,SOILRPD12A6701E38C,ARCGJ6U1187FB4D01F,Akon,Locked Up,hip hop,It Ain't About You,Make A Move,1st Booty On Duty,It Ain't About You,Make A Move,Blues For Suckers,Room In My Head,Shanghaid,Blues For Suckers,Room In My Head,Shanghaid,Blues For Suckers
TRCEYQJ128E07862DE,SOAUEBB12A67020DC4,ARLGIX31187B9AE9A0,Jay-Z,So Ghetto,hip hop,Overdose (Album Version),B-Boy Bouillabaisse: A.W.O.L. (2009 Digital Remaster),Strictly 4 My N.I.G.G.A.Z.,Strictly 4 My N.I.G.G.A.Z.,Slam Harder,Slam,Right Now,Strictly 4 My N.I.G.G.A.Z.,Fuck Off,Strictly 4 My N.I.G.G.A.Z.,Right Now,From What I Was Told
TRZGUNN128E07862F7,SOGFJJE12A58A80C35,ARLGIX31187B9AE9A0,Jay-Z,Heart Of The City (Ain't No Love),hip hop,Overdose (Album Version),1st Booty On Duty,Keep Your Shit The Hardest,Who Run It,1st Booty On Duty,Keep Your Shit The Hardest,Superstar (Double Murder = Double Platinum),Who Run It,Strictly 4 My N.I.G.G.A.Z.,Strictly 4 My N.I.G.G.A.Z.,Superstar (Double Murder = Double Platinum),Who Run It
TRTVTYS128E0792887,SORCZHK12A6701FFB0,ARTH9041187FB43E1F,Eminem,Rabbit Run,hip hop,Overdose (Album Version),She Ain't Afraid,8 Mile,She Ain't Afraid,Overdose (Album Version),1st Booty On Duty,She Ain't Afraid,My Life,Fuck Off,She Ain't Afraid,Overdose (Album Version),Mainstream
TRBEBJO128C719646B,SORXHBR12AF72A5DA5,ARCBD0U1187FB466EF,Nelly,Splurge,hip hop,1st Booty On Duty,Keep Your Shit The Hardest,Interlude 5,1st Booty On Duty,Keep Your Shit The Hardest,Around The Way [Explicit Album Version],Around The Way [Explicit Album Version],Feelin' Good,Keep Your Shit The Hardest,Around The Way [Explicit Album Version],Keep Your Shit The Hardest,Claimin' True
TRMWYIH128E078DCA6,SOMTUPP12A6701FC38,ARCBD0U1187FB466EF,Nelly,St. Louie,hip hop,B-Boy Bouillabaisse: A.W.O.L. (2009 Digital Remaster),Overdose (Album Version),Interlude 5,Overdose (Album Version),Still On It,The Easy Spell,Love You Till Friday,Wrap Sumden,Just Another Day,Wrap Sumden,From What I Was Told,Just Another Day
TRHXTHR128F145E864,SOTUHWK12A6310D7E5,ARCBD0U1187FB466EF,Nelly,Wrap Sumden,hip hop,Overdose (Album Version),1st Booty On Duty,Trife Life,1st Booty On Duty,Overdose (Album Version),Bring Your Whole Crew,Contact Blitt,The Dayz Of Wayback,Shift Shape,Contact Blitt,Trife Life,Pack The Pipe
TRQRAKE128F9322866,SOJQLHA12AB017F7D4,ARLGIX31187B9AE9A0,Jay-Z,Soon You'll Understand,hip hop,Interlude 5,8 Mile,Overdose (Album Version),Interlude 5,Trife Life,Overdose (Album Version),What's It Gonna Be,Momma Knows,Pack The Pipe,Pack The Pipe,Interlude 5,The Illest Brother
TRCDAUA128E0784644,SOAZMZB12A6701D958,ARLGIX31187B9AE9A0,Jay-Z,Encore,hip hop,Overdose (Album Version),Interlude 5,B-Boy Bouillabaisse: A.W.O.L. (2009 Digital Remaster),Overdose (Album Version),1st Booty On Duty,Slam Harder,Pass The Mic (Pt. 2_ Skills To Pay The Bills) (2009 Digital Remaster),Peace_ Prosperity & Paper,9mm,Overdose (Album Version),Peace_ Prosperity & Paper,Pass The Mic (Pt. 2_ Skills To Pay The Bills) (2009 Digital Remaster)
TRBCPZS128F145ECC1,SOOKDOU12D0219A1C0,ARCBD0U1187FB466EF,Nelly,Say Now,hip hop,Man In The Mirror,Interlude 5,Overdose (Album Version),Man In The Mirror,Blues For Suckers,Universal Prayer,Oh Na Na Na,Dla Niego,An Mhaighdean Mhara,Universal Prayer,Oh Na Na Na,Take This City
TRWFVOW128E0793847,SOZDHYB12A679D7E52,ARZER7I1187FB385AF,Dr. Dre,Been There Done That,hip hop,B-Boy Bouillabaisse: A.W.O.L. (2009 Digital Remaster),Overdose (Album Version),Safe + Sound,If I Had,Who Run It,Just Another Day,Marie Laveau,Just Another Day,If I Had,The Illest Brother,Just Another Day,Marie Laveau
TRWZWOX128F935A084,SOTYTWT12A58A7BBEE,AR9LJ9D1187FB4303D,Sean Kingston,Magical,hip hop,Interlude 5,B-Boy Bouillabaisse: A.W.O.L. (2009 Digital Remaster),8 Mile,Interlude 5,I Love You Babe,I Still Love You,I Love You Babe,Can't We Be Sweethearts,I Still Love You,I Love You Babe,Waiting For The Day,I Still Love You
TRXGBGU128F935A092,SOGKYFP12AB0185ED3,AR9LJ9D1187FB4303D,Sean Kingston,Over,hip hop,B-Boy Bouillabaisse: A.W.O.L. (2009 Digital Remaster),Interlude 5,The Dance,I'm Gon' Change,My Phone,Switch,Ave Maria No Morro,Do It Again,I'm Gon' Change,Do It Again,I'm Gon' Change,Switch
TRFKPZK128F935A08D,SOJHMSM12AB0185233,AR9LJ9D1187FB4303D,Sean Kingston,Wrap U Around Me,hip hop,I Love U In Me ( LP Version),Interlude 5,Man In The Mirror,I Love U In Me ( LP Version),Chocolate Factory,Jack U Off (LP Version),Jack U Off (LP Version),House Rent Boogie,Never Letchu Go,Jack U Off (LP Version),Never Letchu Go,House Rent Boogie
TRWVTDX128F931ECEF,SOUOEMP12A8C13866E,ARDDMYP1187B9B8AE4,M.I.A.,Paper Planes,hip hop,B-Boy Bouillabaisse: A.W.O.L. (2009 Digital Remaster),Plumskinzz (Loose Hoe_ God & Cupid),Overdose (Album Version),Plumskinzz (Loose Hoe_ God & Cupid),Dirty Money,Who Run It,Monkey Suit,Just Like Greta,Electric High,Plumskinzz (Loose Hoe_ God & Cupid),Monkey Suit,Just Like Greta
TRWTZGX128F149535F,SOQFNGB12A6D4FA61E,AR9RYZP1187FB36C6A,Thousand Foot Krutch,Set It Off,hip hop,B-Boy Bouillabaisse: A.W.O.L. (2009 Digital Remaster),Overdose (Album Version),It Ain't About You,B-Boy Bouillabaisse: A.W.O.L. (2009 Digital Remaster),Expansion Team Theme,Overdose (Album Version),Physical Stamina,Right Now,Expansion Team Theme,Physical Stamina,B-Boy Bouillabaisse: A.W.O.L. (2009 Digital Remaster),Right Now
TRCACEF128F42434D7,SOEFLLL12AF72A15EA,AR7NPRY1187B9ADE15,Ludacris,Ho,hip hop,Mambo Swing,Keep Your Shit The Hardest,Bring Your Whole Crew,Mambo Swing,Up On The House Top,Keep Your Shit The Hardest,Mambo Swing,Up On The House Top,Live On Mars,Mambo Swing,Up On The House Top,Live On Mars
TRCQNWN128F92EA07D,SOEARQO12AB017F7F0,ARVTAI41187B9B8B67,Wu-Tang Clan,The What,hip hop,1st Booty On Duty,Overdose (Album Version),Trife Life,1st Booty On Duty,Who Run It,Overdose (Album Version),Rowdy Rowdy,1st Booty On Duty,We Got What You Want,Rowdy Rowdy,The Worst,Strictly 4 My N.I.G.G.A.Z.
TRYHHXT128F4276F89,SOKMCHV12D02194FF6,AR23C041187FB4D534,50 Cent,Rowdy Rowdy,hip hop,Keep Your Shit The Hardest,Safe + Sound,Real Muthaphuckkin' G's,Keep Your Shit The Hardest,Safe + Sound,Real Muthaphuckkin' G's,I Don't Want To Talk About It,Real Muthaphuckkin' G's,From What I Was Told,From What I Was Told,Real Muthaphuckkin' G's,I Don't Want To Talk About It
TRIGDUK128E0784045,SOFXFJC12A6310E2F1,ARZ5H0P1187B98A1DD,Snoop Dogg,Bang Out,hip hop,1st Booty On Duty,Overdose (Album Version),No Remorse (Album Version),1st Booty On Duty,Overdose (Album Version),No Remorse (Album Version),1st Booty On Duty,Arrested (Insert) (Explicit),Ho's A Housewife,1st Booty On Duty,Ho's A Housewife,Arrested (Insert) (Explicit)
TRNVKOI128E0799173,SOIYRHZ12A67AD8126,ARZ5H0P1187B98A1DD,Snoop Dogg,Snoopafella (Edited),hip hop,B-Boy Bouillabaisse: A.W.O.L. (2009 Digital Remaster),Interlude 5,Overdose (Album Version),B-Boy Bouillabaisse: A.W.O.L. (2009 Digital Remaster),Soopaman Luva 3,Mortal City,Bungee,Mortal City,Soopaman Luva 3,B-Boy Bouillabaisse: A.W.O.L. (2009 Digital Remaster),Soopaman Luva 3,Mortal City
TRLVRJP128F93519FB,SOOENST12AC9E1344B,ARZYMH91187B99CEFC,Atmosphere,Hair,hip hop,Interlude 5,B-Boy Bouillabaisse: A.W.O.L. (2009 Digital Remaster),8 Mile,Interlude 5,8 Mile,Slow Motion,She's Famous Now,Caroline (Album Version),I Can Change,Caroline (Album Version),I Can Change,Interlude 5
TRBZXAC12903CBB0CE,SOHAYPC12A6D4FB7A7,ARZYMH91187B99CEFC,Atmosphere,Happymess,hip hop,Interlude 5,B-Boy Bouillabaisse: A.W.O.L. (2009 Digital Remaster),My Darling,Interlude 5,Dirty Money,The Right to Write Me Off,The Right to Write Me Off,I Want That,Cry,Interlude 5,The Right to Write Me Off,Birthday Card
TRUNSXQ128E078B97D,SOALPQQ12A6701F302,ARN0YZ71187B9BA57B,Michael Bublé,Put Your Head On My Shoulder (Album Version),jazz,Interlude 5,Indy 500,Overdose (Album Version),I Can Make It Better,Indy 500,Lollipop,I Can't Stand It,Love Struck,Can't Get Enough Of You,Love Struck,Can't Get Enough Of You,I Can't Stand It
TRFUJLG128F4255312,SOELKTY12A8C135CCC,ARN0YZ71187B9BA57B,Michael Bublé,Stuck In The Middle With You (Non-Album Track),jazz,Interlude 5,B-Boy Bouillabaisse: A.W.O.L. (2009 Digital Remaster),Feva Las Vegas,Stuck In The Middle,Feva Las Vegas,When I Die,When I Die,G Up,Stuck In The Middle,When I Die,Stuck In The Middle,G Up
TRQPMHA128E078B979,SOSHDEL12A6701F300,ARN0YZ71187B9BA57B,Michael Bublé,You'll Never Find Another Love Like Mine (Album Version),jazz,Kozmic Blues,Interlude 5,Love Is Strange,Love Is Strange,Kozmic Blues,Some Of Your Lovin',Love Is Strange,Some Of Your Lovin',Lotta Lovin',Love Is Strange,Some Of Your Lovin',Lotta Lovin'
TRZPSAF128F9349767,SOLOQYJ12AB0188A53,AR20CFC1187B98A25D,Ray Charles,Kiss me baby,jazz,B-Boy Bouillabaisse: A.W.O.L. (2009 Digital Remaster),So Ghetto,Interlude 5,Sit Right Here,How Long Can A Man Be Strong,Don't You Know,Don't You Know,Sit Right Here,I'm Looking For A Woman,Don't You Know,Sit Right Here,I'm Looking For A Woman
TRAEPAC12903CE5DC8,SOELRRQ12AB0188C34,AR20CFC1187B98A25D,Ray Charles,Let's Go,jazz,B-Boy Bouillabaisse: A.W.O.L. (2009 Digital Remaster),Interlude 5,My Darling,Beat Again,Ain't No Stopping Us Now,Run The Show,Don't Let Me In,If You Really Love Me,Police The Nation,Don't Let Me In,If You Really Love Me,Beat Again
TRMJMVW12903CD44F4,SOZKIGX12D021902C2,AR20CFC1187B98A25D,Ray Charles,Moon Over Miami,jazz,Weak Become Heroes,How High The Moon,B-Boy Bouillabaisse: A.W.O.L. (2009 Digital Remaster),How High The Moon,Weak Become Heroes,Russian Lullaby,How High The Moon,Russian Lullaby,The Gift,How High The Moon,Russian Lullaby,Paper Moon
TRBXTYM128F930793B,SOAAYTO12D021B0A4B,AREIN101187FB5A5FA,Nat King Cole,Hit That Jive Jack,jazz,Do The Bartman,She Ain't Afraid,Get It How You Live  (Explicit Chopped & Screwed Version),Shake 'Em On Down,Indian Dance,Do The Bartman,Shake,Big Fat Mama Blues,Shake 'Em On Down,Shake,Indian Dance,Big Fat Mama Blues
TRFORZM12903CDF88C,SODTNSX12D021979B9,AREIN101187FB5A5FA,Nat King Cole,The Christmas Song,jazz,Interlude 5,The Christmas Song,Close My Eyes,The Christmas Song,Interlude 5,Close My Eyes,The Christmas Song,The Colliers,Tell Me Something I Don't Know,The Christmas Song,The Colliers,Tell Me Something I Don't Know
TREMJFY12903CF1630,SOMTUNZ12D021B236A,AREIN101187FB5A5FA,Nat King Cole,Too Young,jazz,B-Boy Bouillabaisse: A.W.O.L. (2009 Digital Remaster),Interlude 5,The Hourglass,It's You,Nothing Lasts Forever,Beg For Mercy,It's You,To Be Young_ Gifted And Black (LP Version),My Finest Hour,It's You,To Be Young_ Gifted And Black (LP Version),My Finest Hour
TRKBPHV128F92E3B2D,SOBHTSP12D021B0A27,AREIN101187FB5A5FA,Nat King Cole,Unforgettable,jazz,Interlude 5,My Darling,B-Boy Bouillabaisse: A.W.O.L. (2009 Digital Remaster),The Traveling Song,It's Not Easy,You Give Good Love,Just Because,The Very Thought Of You,You Give Good Love,Just Because,The Very Thought Of You,You Give Good Love
TRHYGVQ12903D046A9,SOEPFCI12AC46877AA,AREIN101187FB5A5FA,Nat King Cole,Autumn Leaves,jazz,My Darling,B-Boy Bouillabaisse: A.W.O.L. (2009 Digital Remaster),Interlude 5,Last Transmission,Back Then,Ballad In Plain D,Stay Gold,Evening's Fall,Seasons,Stay Gold,Evening's Fall,All In My Head
TRWIGSY128F92FE6B6,SOHZWJK12AB017DCF8,AREIN101187FB5A5FA,Nat King Cole,Love Is A Many Splendored Thing,jazz,B-Boy Bouillabaisse: A.W.O.L. (2009 Digital Remaster),Curse,Closer To You,Luv Me Up,One Last Kiss,Time To Make You Mine,Lover,Humdinger,For You,Lover,For You,Holding On To Love
TRHEGPE128F9311A85,SOHHACX12AB0181443,AREIN101187FB5A5FA,Nat King Cole,Smoke Gets in Your Eyes,jazz,Smoke Gets In Your Eyes,Interlude 5,My Darling,Smoke Gets In Your Eyes,Blowin' Smoke,This Island,Smoke Gets In Your Eyes,Find My Way Back To My Heart,It's A Laugh,Smoke Gets In Your Eyes,Find My Way Back To My Heart,I've Gotta See You Smile
TRWZCIQ12903C97881,SOKLXSK12A58A7C3DA,AREIN101187FB5A5FA,Nat King Cole,If You Can't Smile And Say Yes,jazz,Interlude 5,Hair,Love Was Here,Cry Baby,Love Was Here,Hair,Cry Baby,Golden Day,G Up,Cry Baby,G Up,Every Night About This Time
TREENNZ128F145B67D,SOALXFE12A6D4F78B0,AREIN101187FB5A5FA,Nat King Cole,She's Funny That Way,jazz,Your Eyes,B-Boy Bouillabaisse: A.W.O.L. (2009 Digital Remaster),Interlude 5,Your Eyes,What You Do To Me,One Kiss From Heaven,What You Do To Me,Miss It So Much,Your Eyes,What You Do To Me,Your Eyes,Never Too Much
TRVUYIL128F4275FAD,SOCKFLV12A8C133605,AREIN101187FB5A5FA,Nat King Cole,The Ruby And The Pearl (2003 Digital Remaster),jazz,B-Boy Bouillabaisse: A.W.O.L. (2009 Digital Remaster),Love Me Warm And Tender,Warm Bed,Love Me Warm And Tender,Warm Bed,Summertime,Love Me Warm And Tender,Nighttime Birds,Summertime,Love Me Warm And Tender,Nighttime Birds,Summertime
TRHOXSK128F145C9F9,SOLCRAY12A6D4F6095,AREIN101187FB5A5FA,Nat King Cole,The Very Thought Of You,jazz,B-Boy Bouillabaisse: A.W.O.L. (2009 Digital Remaster),Interlude 5,The Hourglass,We're Going To Live For A Very Long Time (2006 Digital Remaster),A Moment Isn't Very Long,Caruso,A Moment Isn't Very Long,Unforgettable,Meditation,A Moment Isn't Very Long,Meditation,Unforgettable
TRETXLU12903CD5688,SOIMSGC12D02198A5A,ARRL2QH1187B9AC814,Bing Crosby,Rudolph The Red-Nosed Reindeer,jazz,B-Boy Bouillabaisse: A.W.O.L. (2009 Digital Remaster),Interlude 5,The Hourglass,Rudolph The Red Nosed Reindeer,B-Boy Bouillabaisse: A.W.O.L. (2009 Digital Remaster),Red Red Wine (Edit),Rudolph The Red Nosed Reindeer,Reeperbahn,He's Frank,Rudolph The Red Nosed Reindeer,Reeperbahn,Red Beans & Rice
TRORBTM128F93368FB,SOBEALQ12AB017EC86,ARBJ22B1187B9AD31C,Norah Jones,December,jazz,Take Me Home,Closer To You,Baby Girl,Take Me Home,Wintertime,Don't Need The Sun To Shine (To Make Me Smile),May It Be,Words of Tranquility,I Wish You Love,May It Be,I Wish You Love,Words of Tranquility
TRFCNIJ128F423F32E,SOTBYQW12A6D4FE74B,ARBJ22B1187B9AD31C,Norah Jones,Don't Know Why (Live),jazz,Otha Fish,B-Boy Bouillabaisse: A.W.O.L. (2009 Digital Remaster),8 Mile,Otha Fish,Tell You Something (Nana's Reprise),Cars,Buzz Me,Phantom,Cars,Buzz Me,Phantom,Otha Fish
TRYNZAL128F1464B5A,SOPHSDC12B0B8081BB,ARBJ22B1187B9AD31C,Norah Jones,Humble Me,jazz,8 Mile,Kickin' It With Your Girlfriend,Interlude 5,Kickin' It With Your Girlfriend,Louise,The Joke,Last Fair Deal Gone Down,Saturday Evening Blues,Don't You Know,Saturday Evening Blues,Old Smyrna Road,Don't You Know
TRNGOHS128E0781235,SOOVFTG12AF72A4B85,ARBJ22B1187B9AD31C,Norah Jones,I've Got To See You Again,jazz,B-Boy Bouillabaisse: A.W.O.L. (2009 Digital Remaster),Curse,Mainstream,Help Me Find A Way To Your Heart,Fire and Heights,Curse,Killing,Better Days,Let's Get Ugly (Album),Killing,Better Days,Down And Dirty
TRPPHPQ128F4258FFC,SOOEHBK12A8AE479F1,ARBJ22B1187B9AD31C,Norah Jones,Sinkin' Soon (iTunes Live Session),jazz,B-Boy Bouillabaisse: A.W.O.L. (2009 Digital Remaster),Interlude 5,She's Gonna Break Soon (Radio Edit) (w/o Horns),She's Gonna Break Soon (Radio Edit) (w/o Horns),Trilogy,Soon You'll Understand,You're A Zombie,She's Gonna Break Soon (Radio Edit) (w/o Horns),The Lounge,You're A Zombie,She's Gonna Break Soon (Radio Edit) (w/o Horns),Bar Fight
TRSSOKM128F1464B5C,SOQJPKL12A6D4F7D49,ARBJ22B1187B9AD31C,Norah Jones,The Long Way Home,jazz,Interlude 5,B-Boy Bouillabaisse: A.W.O.L. (2009 Digital Remaster),Trife Life,You Sure Love To Ball,Love Don't Love You (LP Version),Put Your Hands Together,Love Don't Love You (LP Version),You Sure Love To Ball,One More Day,Love Don't Love You (LP Version),You Sure Love To Ball,One More Day
TRKMCAV128E0782298,SOGMFQZ12A6310EF6C,ARBJ22B1187B9AD31C,Norah Jones,Those Sweet Words,jazz,Interlude 5,B-Boy Bouillabaisse: A.W.O.L. (2009 Digital Remaster),Snoopafella (Edited),The Magnificent Seven,I Know You Got Soul,Sleigh Ride,Sweet Inspiration,Singing Softly To Me,The Chosen Ones,Sweet Inspiration,Singing Softly To Me,The Chosen Ones
TRBQFLA128F423F329,SODUTPQ12A6D4FE737,ARBJ22B1187B9AD31C,Norah Jones,Wish I Could (Live),jazz,B-Boy Bouillabaisse: A.W.O.L. (2009 Digital Remaster),8 Mile,Interlude 5,Passin' Me By,Mr Rock & Roll,Mortal City,Swimmer,Mr Rock & Roll,Passin' Me By,Passin' Me By,Mr Rock & Roll,Swimmer
TRCLZPO128F427CD3A,SOMMQAC12CF5F86E67,ARBJ22B1187B9AD31C,Norah Jones,My Dear Country,jazz,Interlude 5,B-Boy Bouillabaisse: A.W.O.L. (2009 Digital Remaster),Curse,Interlude 5,Silence,Curse,Guilty,Silence,Dragonfly (Album),Guilty,Silence,Let's Kiss and Make Up
TRWAPCT128F1494611,SONBELN12AB0184D8F,ARIFGKC1187B9B04D5,Dean Martin,I Love The Way You Say Goodnight,jazz,Interlude 5,B-Boy Bouillabaisse: A.W.O.L. (2009 Digital Remaster),Hair,Man In The Mirror,Hair,Interlude 5,It's a Pity to Say Goodnight,Cousin Dupree,It's Never Too Late,It's a Pity to Say Goodnight,Cousin Dupree,It's Never Too Late
TRNBZVW128F92EE688,SOANWBV12AB0184B24,ARIFGKC1187B9B04D5,Dean Martin,White Christmas,jazz,Yakamonéyé,Sans Rémission,Panam All Star,Yakamonéyé,Sans Rémission,L'Amour Du Risque,Sur Le Fil,Le Rêve Des Filles,Thérapie De Groupe,Sur Le Fil,Le Rêve Des Filles,Thérapie De Groupe
TRHZOEX128F93588AB,SOEXXLQ12A58A7A0CD,ARIFGKC1187B9B04D5,Dean Martin,Memories Are Made Of This,jazz,B-Boy Bouillabaisse: A.W.O.L. (2009 Digital Remaster),Manhattan,Interlude 5,Back Then,Manhattan,One Man Drinking Games,Back Then,Fell in Love Without You (Cd),I Can't Stand the Rain,Back Then,Fell in Love Without You (Cd),I Can't Stand the Rain
TREOPOB128F427CD42,SOBWFAI12D021B3991,ARBJ22B1187B9AD31C,Norah Jones,Little Room,jazz,Interlude 5,B-Boy Bouillabaisse: A.W.O.L. (2009 Digital Remaster),Mortal City,Interlude 5,Disgusted,Mortal City,Disgusted,The Hunter,New York Mining Disaster 1941,Disgusted,The Hunter,Academy Fight Song
TRELLQK128F147AD94,SOPTTXR12A58A782BB,ARO7DTP1187B9A1D2B,The Puppini Sisters,Bei Mir Bist Du Schön,jazz,Interlude 5,Mein Testament,Du hast geguckt,Du hast geguckt,Es geht mir gut,Trösten,Elefanter,Lieber einen paffen,Es geht mir gut,Elefanter,Lieber einen paffen,Es geht mir gut
TRMOHUN128F424DEE6,SOCIAUG12A8C130F7F,ARO7DTP1187B9A1D2B,The Puppini Sisters,Don't Sit Under The Apple Tree,jazz,(You Were Made) Especially For Me,Where Does The Time Go?,Anyone Who Knows What Love Is (Will Understand),(You Were Made) Especially For Me,Where Does The Time Go?,Anyone Who Knows What Love Is (Will Understand),(You Were Made) Especially For Me,Anyone Who Knows What Love Is (Will Understand),In Love In Vain,(You Were Made) Especially For Me,Anyone Who Knows What Love Is (Will Understand),In Love In Vain
TRSPEPD128F147AD9A,SOCFSHN12A6D4F73B2,ARO7DTP1187B9A1D2B,The Puppini Sisters,Falling In Love Again,jazz,Falling In Love Again,B-Boy Bouillabaisse: A.W.O.L. (2009 Digital Remaster),Interlude 5,Falling In Love Again,If I Had,Never Gonna Fall,Falling In Love Again,I'm So Glad,Never Gonna Fall,Falling In Love Again,Never Gonna Fall,Taking A Chance On Love
TRAQUUU128F147A689,SOEYNMS12A6D4F7BC8,ARO7DTP1187B9A1D2B,The Puppini Sisters,Heebie Jeebies,jazz,Interlude 5,Do The Bartman,The Dance,I Wanna Dance With You,Do The Bartman,Your Song,Shall We Dance,I Wanna Dance With You,Dance Me,I Wanna Dance With You,Shall We Dance,Dance Me
TREIANS128F147AD97,SOLJYMK12A6D4F73B0,ARO7DTP1187B9A1D2B,The Puppini Sisters,I Will Survive,jazz,Interlude 5,B-Boy Bouillabaisse: A.W.O.L. (2009 Digital Remaster),The Illest Brother,Interlude 5,The Illest Brother,Overcome,She Thinks,Forever Ain't That Long Anymore,I Won't Love You Anymore (Sorry),She Thinks,Forever Ain't That Long Anymore,The Illest Brother
TRPWTNZ128F147AD9F,SOOTOZG12A6D4F73B5,ARO7DTP1187B9A1D2B,The Puppini Sisters,In The Mood,jazz,Interlude 5,B-Boy Bouillabaisse: A.W.O.L. (2009 Digital Remaster),Vapors,That's What You Told Me,Shock Dat Monkey,Don't Mess With My Man (Extended),The Cobbler,Who Is He? (And What Is He To You?),I Call Him Love,The Cobbler,Who Is He? (And What Is He To You?),Skid row Joe
TRNDNKN12903CC8A4C,SOQIBZY12AB018A208,ARIFGKC1187B9B04D5,Dean Martin,Kiss,jazz,Interlude 5,Kickin' It With Your Girlfriend,B-Boy Bouillabaisse: A.W.O.L. (2009 Digital Remaster),Kickin' It With Your Girlfriend,Interlude 5,Jim,La Prima Volta (First Time Ever I Saw Your Face),Kickin' It With Your Girlfriend,Electric Lady,La Prima Volta (First Time Ever I Saw Your Face),Kickin' It With Your Girlfriend,Electric Lady
TRJALGV12903D0447E,SOOCHTW12AC468DF40,ARIFGKC1187B9B04D5,Dean Martin,Let Me Go Lover,jazz,Interlude 5,B-Boy Bouillabaisse: A.W.O.L. (2009 Digital Remaster),The Lover In Me,The Lover In Me,Cupid/I've Loved You For A Long Time (Remastered Single Version),Clone Your Lover,Clone Your Lover,The Climbing Rose,My Only Lover,Clone Your Lover,The Climbing Rose,My Only Lover
TRPQFJA128F145AC60,SOLLBAY12AF72A5F48,ARIFGKC1187B9B04D5,Dean Martin,On An Evening In Roma (Sott'er Celo De Roma),jazz,Sinan Capudan Pascià,Istruzioni Per L'(Ill)uso,E Chiove,Sinan Capudan Pascià,Istruzioni Per L'(Ill)uso,L'uomo vivo (inno al gioia),Canto La Vita,Libero liberi libera,Una Canzone Arresa,Canto La Vita,Libero liberi libera,Una Canzone Arresa
TRHBSKB128E07924CB,SOOEYBB12D021B0EAA,ARDCFNZ1187FB3DDB0,Enrique Iglesias,No Puedo Mas Sin Ti (I'm Your Man),latin,Dale tiempo al rumor,Cantando,Entra,Dale tiempo al rumor,Cantando,Entra,Y Aqui Estoy,Amame,Te Extrano,Y Aqui Estoy,Amame,Te Extrano
TRBSLQC128F9333C5D,SOIOBWT12A8C14075B,AR6PJ8R1187FB5AD70,Shakira,En Tus Pupilas,latin,Dale tiempo al rumor,Cantando,La ciudad nunca duerme,Dale tiempo al rumor,Cantando,Pretendo Hablarte,Quisiera,Desire,Te Propongo,Quisiera,Desire,Celos
TRGJXTC128F4278ECC,SONTHAL12A8C135908,AR6PJ8R1187FB5AD70,Shakira,Que Me Quedes Tu,latin,Dale tiempo al rumor,Cantando,La ciudad nunca duerme,Dale tiempo al rumor,Cantando,La ciudad nunca duerme,No Paseis Por Alto A Los Genios,Pregon Para Iluminarse,Después De Ti,No Paseis Por Alto A Los Genios,Pregon Para Iluminarse,Después De Ti
TRQEQHH12903CA6CE5,SODBAHE12A8C132D34,AR6PJ8R1187FB5AD70,Shakira,Sombra De Ti,latin,Dale tiempo al rumor,Todos Quieren A Raymond,Cantando,Dale tiempo al rumor,Todos Quieren A Raymond,Cantando,No Te Vayas,Quien No Ha Dicho Una Mentira,Tu Pa Mi,No Te Vayas,Quien No Ha Dicho Una Mentira,Tu Pa Mi
TRXMTST12903CCD9E1,SOPVLJP12A8C1358F4,AR6PJ8R1187FB5AD70,Shakira,Te Dejo Madrid,latin,Cantando,Pretendo Hablarte,Todos Quieren A Raymond,Cantando,Pretendo Hablarte,Amor Mio No Te Vayas,Suavemente,Amor Mio No Te Vayas,Quiero,Amor Mio No Te Vayas,Suavemente,Quiero
TRAQEOP12903CA65E2,SONPFMD12AB017C1B3,AR6PJ8R1187FB5AD70,Shakira,Tú,latin,Dale tiempo al rumor,Cantando,La ciudad nunca duerme,Dale tiempo al rumor,Cantando,La ciudad nunca duerme,19 De Noviembre,Sin Conocerte,Ni Te Llamo Ni Te Busco,19 De Noviembre,Sin Conocerte,Amame
TRSRORJ128E0791C74,SOMBFMU12A670214E6,ARDCFNZ1187FB3DDB0,Enrique Iglesias,La Chica De Ayer,latin,Dale tiempo al rumor,Cantando,Quien Me Iba A Decir,Dale tiempo al rumor,Cantando,Quien Me Iba A Decir,Eres,Magia De Amor,Lágrimas De Miel,Eres,Magia De Amor,Lágrimas De Miel
TRYDDZE128F92F3B79,SOFBLLI12A58A7D19C,ARDCFNZ1187FB3DDB0,Enrique Iglesias,Adicto,latin,Cantando,Dale tiempo al rumor,Todos Quieren A Raymond,Cantando,Dale tiempo al rumor,Todos Quieren A Raymond,Giros,Como La Primera Vez,Obsesion (English Remix_ Album Version),Giros,Como La Primera Vez,Obsesion (English Remix_ Album Version)
TREGBAS128F145EC8B,SOERVFF12A6D4F790F,ARDCFNZ1187FB3DDB0,Enrique Iglesias,Al Despertar,latin,Dale tiempo al rumor,Cantando,Todos Quieren A Raymond,Dale tiempo al rumor,Cantando,Todos Quieren A Raymond,Es Por Ti,La Coqueta,Te Necesito,Es Por Ti,La Coqueta,Te Necesito
TRXQFEE128F145EC9A,SOJXCPV12A6D4F791D,ARDCFNZ1187FB3DDB0,Enrique Iglesias,Alguien Como Tú,latin,Gitana,Dale tiempo al rumor,Cantando,Gitana,Dale tiempo al rumor,Cantando,Como Yo,Desde mi cielo,Virgen De Riña,Como Yo,Desde mi cielo,Virgen De Riña
TRZGBAF128F145ECA8,SOFAZCL12A58A79B38,ARDCFNZ1187FB3DDB0,Enrique Iglesias,Inalcanzable,latin,Dale tiempo al rumor,Cantando,Todos Quieren A Raymond,Dale tiempo al rumor,Cantando,Todos Quieren A Raymond,Cosas Imposibles,Una Flor En El Desierto,Adicto,Una Flor En El Desierto,Cosas Imposibles,Adicto
TRUQGGJ128F427E02B,SOOHKUS12A8C13AB12,ARDCFNZ1187FB3DDB0,Enrique Iglesias,Lloro Por Ti,latin,Dale tiempo al rumor,Todos Quieren A Raymond,Gitana,Dale tiempo al rumor,Todos Quieren A Raymond,Gitana,Amor de Tele,De Oro,Mujer Calavera,De Oro,Amor de Tele,Mujer Calavera
TRDEKRZ128E0791C7A,SOCPKAV12A670214EC,ARDCFNZ1187FB3DDB0,Enrique Iglesias,Mamacita,latin,Cantando,Dale tiempo al rumor,El Semáforo,Cantando,Dale tiempo al rumor,El Semáforo,El ectoplasta,Vuelve Conmigo,Buena Vista Social Club,El ectoplasta,Buena Vista Social Club,Vuelve Conmigo
TRFFSMS128F428BC88,SOEMVNF12A8C13C53A,ARDCFNZ1187FB3DDB0,Enrique Iglesias,Miss You,latin,Interlude 5,8 Mile,I Love U In Me ( LP Version),Miss Ann,You'll Never Find Another Love Like Mine (Album Version),I Miss You,I Miss You,Miss Ann,Freedom Feels Like Lonely,I Miss You,Miss Ann,Freedom Feels Like Lonely
TRUPWID128F4215874,SOPTXAZ12AF729F789,ARDCFNZ1187FB3DDB0,Enrique Iglesias,Para De Jugar,latin,Dale tiempo al rumor,Cantando,Por Mi Reggae Muero,Por Mi Reggae Muero,Cantando,Dale tiempo al rumor,Al Despertar,Te Quiero Porque Te Quiero,La Media Vuelta,Al Despertar,Te Quiero Porque Te Quiero,La Media Vuelta
TRIIBVP128E0792750,SOWFIVV12A6701FFBF,ARDCFNZ1187FB3DDB0,Enrique Iglesias,She Be The One,latin,B-Boy Bouillabaisse: A.W.O.L. (2009 Digital Remaster),She Ain't Afraid,Touch It / Technologic,Touch It / Technologic,She Ain't Afraid,1st Booty On Duty,She's A Runner (24-Bit Digitally Remastered 02),Beef Bologna,Touch It / Technologic,She's A Runner (24-Bit Digitally Remastered 02),Touch It / Technologic,Not Your Baby
TRQMXBD128F145ECA2,SONBQQE12A6D4F7922,ARDCFNZ1187FB3DDB0,Enrique Iglesias,Trapecista,latin,Dale tiempo al rumor,Cantando,Todos Quieren A Raymond,Dale tiempo al rumor,Cantando,Amores Como El Tuyo,Tu Vacio,Guacamaya,Amarte Es Todo,Tu Vacio,Guacamaya,Amarte Es Todo
TREGRRQ128F145EC8D,SOMRUDM12A6D4F7911,ARDCFNZ1187FB3DDB0,Enrique Iglesias,Tu Vacio,latin,Dale tiempo al rumor,Cantando,La ciudad nunca duerme,Dale tiempo al rumor,La ciudad nunca duerme,Cantando,Llega La Noche,Trapecista,Desde Que No Estas,Llega La Noche,Desde Que No Estas,Trapecista
TRLILBA128F42158A3,SOPPWVJ12A6D4F7915,ARDCFNZ1187FB3DDB0,Enrique Iglesias,Volveré,latin,Dale tiempo al rumor,Cantando,Gitana,Dale tiempo al rumor,Cantando,Gitana,Obsesion (English Remix_ Album Version),Lloré Lloré,Tu Pa Mi,Obsesion (English Remix_ Album Version),Tu Pa Mi,Lloré Lloré
TRBFJPO128F4295BE3,SOZOEJC12CF5CFAD99,AR6PJ8R1187FB5AD70,Shakira,Estoy Aquí,latin,Rosas,Eu Quero Ver Gol,O Show Não Vai Parar,Rosas,Eu Quero Ver Gol,O Show Não Vai Parar,Rosas,Sampa,splash shine,Rosas,Sampa,splash shine
TRCLERB12903CBBC8D,SODKNST12D02193AD7,ARB054P1187B9AD32E,Santana,Life Is Anew,latin,Interlude 5,B-Boy Bouillabaisse: A.W.O.L. (2009 Digital Remaster),The Hourglass,Interlude 5,Because Of Love,B-Boy Bouillabaisse: A.W.O.L. (2009 Digital Remaster),Because Of You,Because Of Love,New Favorite,Because Of You,Because Of Love,New Favorite
TRNXCMJ128F4295BC6,SOCYFSR12AB018C4AF,AR6PJ8R1187FB5AD70,Shakira,Donde Estas Corazon,latin,La ciudad nunca duerme,Todos Quieren A Raymond,Dale tiempo al rumor,La ciudad nunca duerme,Todos Quieren A Raymond,Dale tiempo al rumor,El 28,Mediterraneo,19 De Noviembre,El 28,Mediterraneo,19 De Noviembre
TRNXJGR128F93044E7,SOUGMXP12AB017C76C,AR6PJ8R1187FB5AD70,Shakira,Octavo Día,latin,Cantando,Dale tiempo al rumor,Todos Quieren A Raymond,Cantando,Dale tiempo al rumor,Enséñame A Olvidar,Agua De Mayo,Como Un Haz De Luna,Cantando,Agua De Mayo,Como Un Haz De Luna,Cantando
TRJHDIB128F92E5849,SOVJQJJ12A8C1448E7,AR6PJ8R1187FB5AD70,Shakira,Te Necesito,latin,Dale tiempo al rumor,Todos Quieren A Raymond,Cantando,Dale tiempo al rumor,Todos Quieren A Raymond,Cantando,Es Por Ti,El 28,Volver,Es Por Ti,El 28,Mediterraneo
TRYQVKS128F4259A11,SOXVXZS12AF72ABF9F,ARB054P1187B9AD32E,Santana,Evil Ways,latin,B-Boy Bouillabaisse: A.W.O.L. (2009 Digital Remaster),Interlude 5,Man In The Mirror,Shake 'Em On Down,Man In The Mirror,Contagious,Can't Find My Way Home,If You Really Love Me,If You Change Your Mind,Can't Find My Way Home,If You Really Love Me,If You Change Your Mind
TRSOTQI128E0789132,SOURGXB12A6701F9E5,ARJW1SP1187FB4CA51,Pink Martini,Anna (el negro zumbon),latin,La ciudad nunca duerme,Cantando,Tu Y Yo,La ciudad nunca duerme,Tu Y Yo,Grito Mundial,La Estación,Exilio,Ven,La Estación,Ven,Exilio
TRZHOUV128F9316269,SOIYPYO12AB017C8BE,ARJW1SP1187FB4CA51,Chavela Vargas,Piensa en mi,latin,Dale tiempo al rumor,Que Voy A hacer Sin Tí,Gitana,Dale tiempo al rumor,Que Voy A hacer Sin Tí,Como Duele,Después De Ti,No Voy A Cambiar,Que Voy A hacer Sin Tí,Después De Ti,No Voy A Cambiar,Que Voy A hacer Sin Tí
TRPXMGA128F42A98BA,SOGHCII12D021B3225,ARB054P1187B9AD32E,Santana,Esperando,latin,Cantando,Al Natural (Amended Version),Todos Quieren A Raymond,Al Natural (Amended Version),El Semáforo,Gulere Gulere,Gulere Gulere,He Chocado Con La Vida,El Diablo,Gulere Gulere,He Chocado Con La Vida,El Diablo
TRBYMWR128F425DD8E,SOMNTDT12A8AE47628,AR65K7A1187FB4DAA4,Beyoncé,Beautiful Liar (Bello Embustero),latin,Cantando,Dale tiempo al rumor,Todos Quieren A Raymond,Cantando,Dale tiempo al rumor,Todos Quieren A Raymond,Cantando,Buenaventura Y Caney,Cruz De Navajas,Cantando,Buenaventura Y Caney,Cruz De Navajas
TRPAZDJ128F42881A1,SOGAFMO12D02199AD2,ARYN2M61187B995BD6,Juanes,Rosario Tijeras,latin,La ciudad nunca duerme,Un Montón de Estrellas,Dale tiempo al rumor,Un Montón de Estrellas,La ciudad nunca duerme,Como Duele,En Algún Rincón,Se Duerme,Me Voy,En Algún Rincón,Se Duerme,Me Voy
TRHZGZO128F9341C4A,SOAUETF12D02199708,ARLUF1T1187FB3603B,Ricardo Arjona,Animal Nocturno,latin,Dale tiempo al rumor,Cantando,La ciudad nunca duerme,Dale tiempo al rumor,Cantando,La ciudad nunca duerme,Rio De La Plata,Santiago de Chile,Cuando,Rio De La Plata,Santiago de Chile,Cuando
TRDFNLR12903CB0FE4,SOFDJSB12AB0183B5B,ARGN0KR1187B991A99,Camila,Alejate De Mi,latin,Dale tiempo al rumor,Como Y Vete,Cantando,Dale tiempo al rumor,Como Y Vete,Cantando,Enamorado,Enséñame A Olvidar,Virgen De Riña,Enamorado,Enséñame A Olvidar,Virgen De Riña
TROBWIG12903CB0FD7,SODWRNB12AB0183B3B,ARGN0KR1187B991A99,Camila,Entre Tus Alas,latin,Dale tiempo al rumor,Cantando,La Dosis Perfecta,Dale tiempo al rumor,Cantando,La Dosis Perfecta,Lloro Por Ti,Llanto Lloro,Pensar En Ti,Lloro Por Ti,Llanto Lloro,Pensar En Ti
TRDWUTF12903CA9249,SODRAIV12A8C1430AB,ARGN0KR1187B991A99,Camila,Me Basto,latin,Dale tiempo al rumor,Cantando,Te Ando Buscando,Dale tiempo al rumor,Cantando,Te Ando Buscando,Despedida,Pierdo El Tiempo,No Me Acostumbro,Despedida,Pierdo El Tiempo,No Me Acostumbro
TRCRNBS128F9347F55,SOTOLCQ12AF729AC84,ARGN0KR1187B991A99,Camila,Va Para Ti,latin,Cantando,Gitana,Dale tiempo al rumor,Cantando,Gitana,Dale tiempo al rumor,Manto Estelar,Te Quiero Porque Te Quiero,La Novia Del Sol (La Canción de Evaluna),Manto Estelar,Te Quiero Porque Te Quiero,La Novia Del Sol (La Canción de Evaluna)
TRDYKYQ12903CAD2B8,SOCDZHG12A58A81315,AR81DGA1187B9A0A43,Reik,Fui,latin,La ciudad nunca duerme,Cantando,Dale tiempo al rumor,La ciudad nunca duerme,No Paseis Por Alto A Los Genios,Cantando,Enamorado,Por Ti Seré (You Raise Me Up),Que Me Quedes Tu,Enamorado,Que Me Quedes Tu,Por Ti Seré (You Raise Me Up)
TRAYQRI12903CAD2A1,SOFPPPB12AB018BB18,AR81DGA1187B9A0A43,Reik,Ilusionado,latin,Todos Quieren A Raymond,Dale tiempo al rumor,Cantando,Todos Quieren A Raymond,Dale tiempo al rumor,Cantando,Llévatelo Todo (Album Version),Enzo,Todos Quieren A Raymond,Llévatelo Todo (Album Version),Enzo,Todos Quieren A Raymond
TRGFMTT12903CAD2A2,SOIKGCB12AF72A11C6,AR81DGA1187B9A0A43,Reik,Piel De Ciudad,latin,Cantando,Tu Y Yo,Todos Quieren A Raymond,Cantando,Tu Y Yo,Todos Quieren A Raymond,Tu Y Yo,El ectoplasta,Hazme Sentir,Tu Y Yo,El ectoplasta,Hazme Sentir
TRJXNZL128F92E54EE,SOQUZCC12A8C140463,AR81DGA1187B9A0A43,Reik,Quedate,latin,Dale tiempo al rumor,Cantando,La ciudad nunca duerme,Dale tiempo al rumor,Cantando,Entra,No Voy A Cambiar,Se Te Olvido,Vuelve Conmigo,No Voy A Cambiar,Se Te Olvido,Vuelve Conmigo
TRDOVAF128F93112F7,SOLRFDT12AB0183B0D,ARU3BQ91187FB5A3D6,Animal Collective,Brother Sport,latin,The Illest Brother,She Ain't Afraid,Interlude 5,The Illest Brother,Just Another Brother,She Ain't Afraid,Far Beyond The Sun,Freestate,Door To My Heart,Far Beyond The Sun,Freestate,Door To My Heart
TRVPMSA128F9331D03,SOJQZHG12AB0185EAB,ART5MUE1187B98C961,Metallica,The Prince,metal,B-Boy Bouillabaisse: A.W.O.L. (2009 Digital Remaster),The Hourglass,One of Us,Marry the Devil,Corner Of The Earth,Piggy Pie,I Wish You Could Smile,Autumn,Marry the Devil,I Wish You Could Smile,Autumn,Marry the Devil
TRPCZPE12903CAF5BD,SOAVPPJ12A8C13EFBC,ARC9CR51187FB51A13,Avenged Sevenfold,Second Heartbeat,metal,The Hourglass,8 Mile,B-Boy Bouillabaisse: A.W.O.L. (2009 Digital Remaster),The Hourglass,8 Mile,Towards Loss,It Serves Me Right To Suffer,Towards Loss,Can't Take This (Album Version),Towards Loss,Can't Take This (Album Version),A Day In The Life Of A Fool
TRNUDHG12903CAF56B,SOLFXQT12A8C13E06C,ARC9CR51187FB51A13,Avenged Sevenfold,To End The Rapture,metal,The Hourglass,It Came Upon A Midnight Clear (Album Version),Curse,It Came Upon A Midnight Clear (Album Version),City Of Angels,The Hourglass,Ev'ry Time We Say Goodbye,It Came Upon A Midnight Clear (Album Version),Apocalyptic Destroyer of Angels,Ev'ry Time We Say Goodbye,It Came Upon A Midnight Clear (Album Version),Apocalyptic Destroyer of Angels
TRJAABI12903CF759F,SOKACRK12AC90759DA,ARJ94571187B98C352,blessthefall,Witness,metal,One of Us,Interlude 5,B-Boy Bouillabaisse: A.W.O.L. (2009 Digital Remaster),One of Us,Breathe Again,Till I See Ya,without emotions,Breathe Without You,Breathe Again,Breathe Again,Breathe Without You,Say You're Sorry
TRREMAP128F42983BD,SOWEDJU12D02198FF6,ARU6HMT1187FB38801,HIM,Heartache Every Moment,metal,Lost In This Moment,Showtape '91,Interlude 5,Lost In This Moment,I'm Going On A Long Journey Never To Return,Heaven,Lost In This Moment,When You Say You Love Me (Album Version),Hirudineans,Lost In This Moment,When You Say You Love Me (Album Version),Hirudineans
TRFRDZW128F429C337,SOAVNID12A8C13B197,ARU6HMT1187FB38801,HIM,Sigillum Diaboli,metal,My Darling,B-Boy Bouillabaisse: A.W.O.L. (2009 Digital Remaster),Interlude 5,My Darling,You're The Reason,Child Of Mine,Explode,We Are In Love,Black Magic Woman,Explode,We Are In Love,Black Magic Woman
TRHVUCJ128F934B68C,SOPDMDM12A8C132ABD,ARWMY7E1187B9B7049,As I Lay Dying,Refined By Your Embrace,metal,A Man Without Love,Lay Back In The Arms Of Someone,My Darling,Lay Back In The Arms Of Someone,A Man Without Love,Breathe Again,Lay Back In The Arms Of Someone,A Man Without Love,Hunter killer,Lay Back In The Arms Of Someone,A Man Without Love,Hunter killer
TRIBZVH128F934B68D,SOWJVZY12A8C132AC2,ARWMY7E1187B9B7049,As I Lay Dying,The Innocence Spilled,metal,Pain,One of Us,One Good Time,Pain,This Ain't A Love Song,Grace Unhearing,Pain,Grace Unhearing,Tears On My Pillow,Pain,Grace Unhearing,This Ain't A Love Song
TRZOLOQ128F428FA00,SOHEPVU12A8C13A03D,ARMGBBW1187FB4A7A0,August Burns Red,An American Dream,metal,Weak Become Heroes,One of Us,Interlude 5,Weak Become Heroes,One of Us,Kingdom of Loss,Simple Favor,Torches and Tragedies,Moths,Simple Favor,Torches and Tragedies,Moths
TRFQWAQ128F14B084D,SOLXNXB12A6D4FBCDA,ARPFK3E1187B9A43BF,Underoath,The Changing Of Times,metal,Interlude 5,B-Boy Bouillabaisse: A.W.O.L. (2009 Digital Remaster),Curse,Wherever You're Goin' (It's Alright),Don't Say Goodbye,Good Thing,Someone Said Goodbye,All We Ever Do Is Say Goodbye,Wherever You're Goin' (It's Alright),Someone Said Goodbye,Don't Say Goodbye,Wherever You're Goin' (It's Alright)
TRLKWJA128F92E154E,SOFDWFR12A58A77D46,ARLHB6B1187B9B1B14,Haste The Day,Autumn,metal,Von Disco Zu Disco,Gott schenk ihr Flügel,Toastbrot,Von Disco Zu Disco,Gott schenk ihr Flügel,Toastbrot,Auf das Leben,Dschungelpartei,ROSENROT,Auf das Leben,Dschungelpartei,ROSENROT
TRNQSWR128EF34375F,SOWHMAY12A67ADD2E3,ARLHB6B1187B9B1B14,Haste The Day,Chorus Of Angels,metal,I Love U In Me ( LP Version),Interlude 5,Weak Become Heroes,It Came Upon A Midnight Clear (Album Version),Lullaby,Right Here Right Now,It Came Upon A Midnight Clear (Album Version),Wake Up Call (Album Version),From This Dream,It Came Upon A Midnight Clear (Album Version),Lullaby,From This Dream
TRGQLSE128F93257D8,SOUZNST12A58A7EF1D,ARQETJY1187FB3FE74,Demon Hunter,Follow The Wolves,metal,17,The Hourglass,The Power Of Lard,17,Abandoned,The Power Of Lard,17,Abandoned,Stayin' Power (Remastered Album Version),17,Abandoned,Extirpation
TRCAWAA128F93257D1,SOCLOSW12AB0187E07,ARQETJY1187FB3FE74,Demon Hunter,I Am You,metal,Rise,Rise Up,My Darling,Rise,Rise Up,Sentenced to Burn,No Sympathy (for The Devil),Rise,Sentenced to Burn,No Sympathy (for The Devil),Rise,Sentenced to Burn
TRWPRIF128EF34B8F8,SOXZKPU12AF72AAB3B,ARQETJY1187FB3FE74,Demon Hunter,The Science Of Lies,metal,Interlude 5,One of Us,Mr. Outsider,One of Us,Buckets of Blood,Incarnadine,Freestate,Phoenix From The Fire,Forecasting,Phoenix From The Fire,Freestate,Incarnadine
TRKLLYD128F4273FF4,SOHRFIP12A8C12FFD1,AR8DTVF1187B9AA292,Ozzy Osbourne,Slow Down,metal,B-Boy Bouillabaisse: A.W.O.L. (2009 Digital Remaster),Mainstream,She Luv It,Joy Ride,She Luv It,Stop This Car,Saturday Come Slow,Towards Loss,Swimmer,Towards Loss,Saturday Come Slow,Swimmer
TRQJQNX128F4266704,SOEVNLW12A8C13401E,AR8DTVF1187B9AA292,Ozzy Osbourne,Steal Away (The Night),metal,Last to Know,B-Boy Bouillabaisse: A.W.O.L. (2009 Digital Remaster),Chain Of Fools,Last to Know,Chain Of Fools,I'm a Broken Heart,That Ain't A Crime,Snowflakes Of Love,Chain Of Fools,That Ain't A Crime,Snowflakes Of Love,Remember Me
TRYIKZR128E0783C64,SOBEOHW12AF72A5BFC,AR98JLC1187B9ADE23,Megadeth,Black Curtains (2004 Digital Remaster),metal,B-Boy Bouillabaisse: A.W.O.L. (2009 Digital Remaster),Me Or The Papes,Mr. Outsider,Black Is The Color,Last Transmission,Bloodletting Upon The Cloven Hoof,Black Is The Color,Bags,C.b.f.,Black Is The Color,Bags,C.b.f.
TRIOZOZ128F92FA0C2,SOVOXQN12A3F1EC5FA,AR98JLC1187B9ADE23,Megadeth,Die Dead Enough,metal,Face Down,Overdose (Album Version),Curse,Face Down,Awake Enough,Curse,Never Enough,Lightspan,Hymn,Never Enough,Lightspan,Hymn
TRUHHWN128F93045BA,SOKAEJQ12AB0181294,ARVSQHB1187B992FF0,Drowning Pool,Bodies,metal,Switch,Naked,AJ Scratch,Switch,AJ Scratch,Naked,Wrong Body,Have To Explode,Naked,Naked,Have To Explode,Switch
TRJHNLI128F934B2CA,SONCWXR12D021B1283,AR5Z3L01187B99C5A9,Cannibal Corpse,Rotting Head,metal,B-Boy Bouillabaisse: A.W.O.L. (2009 Digital Remaster),Piggy Pie,Curse,Blues For Suckers,Just Another Brother,Piggy Pie,Mummified in Barbed Wire,The Sanity Assassin,Gutter Boy,Mummified in Barbed Wire,The Sanity Assassin,Bourbon
TRQGFHN128F428643E,SOVKLCX12A8C13860D,AR0KBXO1187B996460,Slipknot,Gehenna,metal,Brotha,She Got Kids,Find A Way,Brotha,She Got Kids,Sprung,Brotha,GO,Me And My Desire,Brotha,GO,Me And My Desire
TRHCDHI128F92C4B9B,SOOHRVS12AF729C881,AR0KBXO1187B996460,Slipknot,[sic] [Explicit],metal,Overdose (Album Version),She Ain't Afraid,1st Booty On Duty,She Ain't Afraid,Overdose (Album Version),1st Booty On Duty,I'm Sick,Nevertrust [Explicit],She Ain't Afraid,She Ain't Afraid,Rabbit Run,I'm Sick
TRVHKNP128F429DDCE,SOENNBZ12A58A7B5A7,ARK9TRQ1187B99C095,Nine Inch Nails,Gunshots by Computer,metal,Interlude 5,Let's All Get Drunk,Twizala,Twizala,Let's All Get Drunk,Tranny Chaser,Tranny Chaser,Twizala,Disco,Tranny Chaser,Twizala,Here I Am
TREFLCZ128F4236589,SOJKLWM12A81C23BBC,ARDQ9AP1187B9BA3F6,Killswitch Engage,Hope Is... (Album Version),metal,Rise Up,(Don't) Give Hate A Chance,Lost In This Moment,Rise Up,(Don't) Give Hate A Chance,Lost In This Moment,No More Runnin,Lost In This Moment,Rise Up,No More Runnin,Lost In This Moment,Rise Up
TRQFRJG128F4260199,SOVJLIF12A8C137957,ARHXK5N1187B98F942,Opeth,The Moor,metal,B-Boy Bouillabaisse: A.W.O.L. (2009 Digital Remaster),Interlude 5,The Fire In Which You Burn (feat. J-Treds & The Brewin From The Juggaknots),Standing,fly,I'm Going On A Long Journey Never To Return,Cambridge (Album Version),Standing,Turn Away,Cambridge (Album Version),Standing,Turn Away
TRMFSTL128F427B6C1,SOIXQXH12A8C135FC8,ARMOHN71187FB3959F,Atreyu,This Flesh A Tomb (Instrumental Version),metal,8 Mile,Interlude 5,B-Boy Bouillabaisse: A.W.O.L. (2009 Digital Remaster),Make Me Lose Control,8 Mile,Curse,Little Girl,Heroe,Baby Be Mine,Baby Be Mine,Little Girl,Dream
TRALERK12903CDCAFD,SOZABYO12A8C143546,ARWMFZH11C8A4219E0,For Today,A Higher Standard,metal,One of Us,B-Boy Bouillabaisse: A.W.O.L. (2009 Digital Remaster),Man In The Mirror,One of Us,Man In The Mirror,Resolution,Migration,By Our Brotherhood With Seth,Automatic Man (Album Version),One of Us,Migration,Automatic Man (Album Version)
TRDIJKP12903CDCAF4,SOATHYW12A8C143527,ARWMFZH11C8A4219E0,For Today,Redemption,metal,Interlude 5,Overdose (Album Version),Let It Be,Let It Be,Wayfarin' Stranger,Sticky,God Is My Friend,Domination,Call the Ships to Port,Domination,God Is My Friend,Call the Ships to Port
TRZQYIJ128F92E7F49,SOYPYRU12AB017F852,ARVJR1N1187FB4144A,Lamb Of God,We Die Alone (Bonus Track),metal,The Hourglass,B-Boy Bouillabaisse: A.W.O.L. (2009 Digital Remaster),Resurrection,Rise Against,Die Another Day [Live],The Hourglass,-9-,5 Years Of Silence,Rise Against,5 Years Of Silence,Rise Against,-9-
TRMYVVL128F92E865E,SODLQJO12A8C139576,ARWIA8D1187B990A0C,STRATOVARIUS,Elements,metal,Tuleen Ajettu Maa,Paprika Plains  (Remix),Resolution,Tuleen Ajettu Maa,Heal The Waters,Joy,Infant Joy,Heal The Waters,Utterance,Heal The Waters,Utterance,Infant Joy
TRIKFKO128F426A6FC,SORDWWC12A8C13AA28,ARWIA8D1187B990A0C,STRATOVARIUS,Know The Difference,metal,Interlude 5,One Word,Make A Move,One Word,Don't Get Around Much Anymore,Interlude 5,Don't Get Around Much Anymore,You're Not Supposed To,He Loves Me (Lyzel In E Flat),Don't Get Around Much Anymore,He Loves Me (Lyzel In E Flat),You're Not Supposed To
TRJAFPP128F426AB25,SOXHFBO12A8C13132A,AR9C8IE1187B9ACC99,System of a Down,Peephole,metal,Stuck In The Middle,Bleed For Me,Stuck Inside Of Mobile With The Memphis Blues Again,Stuck In The Middle,Bleed For Me,Burning Bridges,Bleed For Me,Stuck In The Middle,Web In Front,Bleed For Me,Stuck In The Middle,Web In Front
TRYMCCD128F421CD27,SOPTZIL12A6D4FD7AC,ARR057Y1187B9A16E7,Children Of Bodom,Hellhounds on My Trail,metal,Interlude 5,B-Boy Bouillabaisse: A.W.O.L. (2009 Digital Remaster),Overdose (Album Version),Interlude 5,Undead,Para-noir,Para-noir,Gotta Go,Vague Love Song,All About U,Gotta Go,Interlude 5
TRVIFKS128F426813A,SOKVYHH12A81C22CC4,ARR057Y1187B9A16E7,Children Of Bodom,No Commands,metal,Interlude 5,B-Boy Bouillabaisse: A.W.O.L. (2009 Digital Remaster),One Word,One Word,It Doesn't Matter Anymore,Interlude 5,It Doesn't Matter Anymore,Take Me,One Word,It Doesn't Matter Anymore,Take Me,One Word
TRLHJMW128F1493BA1,SOZUQLN12A5891F885,AR4KS8C1187FB4CF3D,Tori Amos,Mother (2006 Remastered Alternate Mix),metal,Interlude 5,B-Boy Bouillabaisse: A.W.O.L. (2009 Digital Remaster),My Darling,Not Leaving Without You (Album Version),The Light & The Glass,It's Alright,Dance Me,Plaza,All That Jazz,The Light & The Glass,All That Jazz,Plaza
TRZGXNM128F1451ADF,SOGGUIK12A6D4F5F5B,ARHTAPO1187FB5AADE,Iron Maiden,Lord Of The Flies (Live In Dortmund),metal,Oh Jerusalem,Interlude 5,Curse,Oh Jerusalem,Curse,She's A Star,Soul Possessed,May It Be,Red Flag,Soul Possessed,May It Be,Oh Jerusalem
TROGUOT128F147F39A,SOPFDRI12A6D4F83F4,ARHTAPO1187FB5AADE,Iron Maiden,Phantom Of The Opera (Live) (1998 Digital Remaster),metal,Slam Harder,Slam,B-Boy Bouillabaisse: A.W.O.L. (2009 Digital Remaster),Slam,Slam Harder,Do It Again,Walk The Proud Land,Don't Look Back,Runnin' With The Devil,Don't Look Back,Slam Harder,Slam
TRJYSJS128EF356B75,SOTFXJB12A58A7692B,ARQATWU1187B98EE26,Ill Niño,Re-Birth,metal,Interlude 5,B-Boy Bouillabaisse: A.W.O.L. (2009 Digital Remaster),The Hourglass,Interlude 5,Shoulda Put Something On,Mr. Outsider,Into The Sun,Undefeated,Burn,Into The Sun,Undefeated,Burn
TRSUANW128F930BD52,SOHWQLM12AB017E46B,ARDZQ7Z1187B99711A,Kamelot,This Pain,metal,Interlude 5,Overdose (Album Version),She Ain't Afraid,Blessed 2 Have,She Ain't Afraid,Overdose (Album Version),Witness To A Murder (Part 2),Pain in My Heart,Blessed 2 Have,Witness To A Murder (Part 2),Blessed 2 Have,Pain in My Heart
TRRIRCF128F426A606,SOFRVOH12A8C132F50,ARXPPEY1187FB51DF4,Michael Jackson,You Are Not Alone,pop,Interlude 5,So Far,The Hourglass,So Far,Apart,Stay Another Day,Stay Another Day,So Far,From Here To Eternity,Stay Another Day,So Far,From Here To Eternity
TREUPHA128F4278F34,SOTLPVB12CF5CFD7F3,ARXPPEY1187FB51DF4,Michael Jackson,Baby Be Mine,pop,Just Right,B-Boy Bouillabaisse: A.W.O.L. (2009 Digital Remaster),Interlude 5,Just Right,Waiting For The Day,Hey Child,Be My Girl,Anytime,Give Me Time,Be My Girl,Anytime,Give Me Time
TRQAWKR128F425EEC3,SOFHEBR12CF5F892C7,ARXPPEY1187FB51DF4,Michael Jackson,Man In The Mirror,pop,Interlude 5,Say Now,A8,Say Now,Blues For Suckers,Universal Prayer,Oh Na Na Na,Dla Niego,Universal Prayer,Universal Prayer,A8,Blues For Suckers
TRCYAYD128F92F3758,SODIHGW12CF5F88001,ARXPPEY1187FB51DF4,Michael Jackson,Why You Wanna Trip On Me,pop,Interlude 5,Man In The Mirror,B-Boy Bouillabaisse: A.W.O.L. (2009 Digital Remaster),Interlude 5,Man In The Mirror,Your Song,Everytime We Live Together We Die A Bit More,Give Me What I Want (LP Version),What's On Your Radio?,Everytime We Live Together We Die A Bit More,Give Me What I Want (LP Version),Ain't No Stopping Us Now
TRGJXNX128F92F8757,SOEURRQ12D02194749,ARORMBJ1241B9CDB1A,Ke$ha,TiK ToK,pop,Interlude 5,B-Boy Bouillabaisse: A.W.O.L. (2009 Digital Remaster),I'm A Winner (Amended Album Version),Let's All Get Drunk,I'm A Winner (Amended Album Version),It's A Party,Ringa Ding Ding,Party Crashers,It's A Party,Ringa Ding Ding,It's A Party,Let's All Get Drunk
TRNQDAJ128F92F4AE0,SOQDMKM12A58A7A9B2,ARF5M7Q1187FB501E8,Maroon 5,Nothing Lasts Forever,pop,Interlude 5,B-Boy Bouillabaisse: A.W.O.L. (2009 Digital Remaster),I Love You Babe,I Love You Babe,The Hurt,I'd Hate To Be You When People Find Out What This Song Is About (Album),I Love You Babe,The Hurt,I'd Hate To Be You When People Find Out What This Song Is About (Album),I Love You Babe,The Hurt,I'd Hate To Be You When People Find Out What This Song Is About (Album)
TRHKYKI128E07921BC,SOPOYAC12D021B2BE2,ARDCFNZ1187FB3DDB0,Enrique Iglesias,Roamer,pop,B-Boy Bouillabaisse: A.W.O.L. (2009 Digital Remaster),8 Mile,The Dance,8 Mile,B-Boy Bouillabaisse: A.W.O.L. (2009 Digital Remaster),Touch It / Technologic,I Still Feel,Let Me Out,I Am Not A Whore,Let Me Out,I Still Feel,B-Boy Bouillabaisse: A.W.O.L. (2009 Digital Remaster)
TRTJYFF128F9340CA9,SOYXNXN12A8C131F3D,ARML3X41187FB35F2E,Jason Mraz,Live High (Album Version),pop,B-Boy Bouillabaisse: A.W.O.L. (2009 Digital Remaster),Interlude 5,I Love U In Me ( LP Version),Someday,Queen Of Hollywood ( LP Version ),B-Boy Bouillabaisse: A.W.O.L. (2009 Digital Remaster),Easy,Penelope Tree,Easy Living,Easy,Penelope Tree,Easy Living
TRMBGMX128F92FD769,SOREOCT12AB0184E18,ARKSZW81187B9B695D,Mariah Carey,Did I Do That?,pop,Interlude 5,B-Boy Bouillabaisse: A.W.O.L. (2009 Digital Remaster),What's On Your Mind,Interlude 5,So Not Over You,What's On Your Mind,So Not Over You,Killing Time,Use Me,So Not Over You,Freedom,What's On Your Mind
TRWMZQL128F9306DCB,SOQWWOQ12AAF3B22EA,ARKSZW81187B9B695D,Mariah Carey,I'll Be There,pop,I'll Be There,B-Boy Bouillabaisse: A.W.O.L. (2009 Digital Remaster),Interlude 5,I'll Be There,All Over The World,With You,I'll Be There,Worlds Keep Spinning,You'll Be In My Heart,I'll Be There,Worlds Keep Spinning,You'll Be In My Heart
TRRIZDV128F92C1F17,SOBQRXD12A8C13FB26,ARBAW9R1187B98FB6B,Natasha Bedingfield,I Think They're Thinking - Interlude,pop,Interlude 5,Undead,B-Boy Bouillabaisse: A.W.O.L. (2009 Digital Remaster),Hate,Undead,Interlude 5,Your Guts (I Hate 'em) (Live),Hate,Better Life,Your Guts (I Hate 'em) (Live),Hate,Better Life
TREXAZN128F425A825,SOUPUNL12A8AE48502,ARBAW9R1187B98FB6B,Natasha Bedingfield,Silent Movie,pop,Interlude 5,B-Boy Bouillabaisse: A.W.O.L. (2009 Digital Remaster),Spitfall,Interlude 5,B-Boy Bouillabaisse: A.W.O.L. (2009 Digital Remaster),Spitfall,Phoenix From The Fire,Enjoy Yourself,Freestate,Phoenix From The Fire,Enjoy Yourself,Freestate
TRFYGMB128F425A7A2,SOXDIRH12A8AE45FD5,ARBAW9R1187B98FB6B,Natasha Bedingfield,Stumble,pop,Interlude 5,B-Boy Bouillabaisse: A.W.O.L. (2009 Digital Remaster),Undead,Interlude 5,What's Not Being Said,Club Megamix,More Than This,What's Not Being Said,More Than Words,More Than This,What's Not Being Said,More Than Words
TRSRDVR128F92E6CF4,SOIXPFM12AF72A3189,ARDCFNZ1187FB3DDB0,Enrique Iglesias,Heroe,pop,Little Girl,One of Us,Let's All Get Drunk,Little Girl,One Kiss From Heaven,Let's All Get Drunk,Little Girl,Tuesday,Billie Jean,Little Girl,Tuesday,Billie Jean
TRNHATG128F428BC8A,SOVSGRO12A8C138859,ARDCFNZ1187FB3DDB0,Enrique Iglesias,Little Girl,pop,Heroe,One of Us,Let's All Get Drunk,Heroe,One Kiss From Heaven,Billie Jean,Heroe,Tuesday,Forever Yours,Heroe,Tuesday,One Kiss From Heaven
TREMCSO128F4215877,SOSVMLR12A6D4F7921,ARDCFNZ1187FB3DDB0,Enrique Iglesias,Ruleta Rusa,pop,Cantando,Dale tiempo al rumor,Todos Quieren A Raymond,Cantando,Dale tiempo al rumor,Todos Quieren A Raymond,Obsesion (English Remix_ Album Version),Mi Corazoncito,Me Lo Estas Poniendo Dificil,Obsesion (English Remix_ Album Version),Mi Corazoncito,Me Lo Estas Poniendo Dificil
TRMMVPU128F145EC99,SOTTMRS12A6D4F791C,ARDCFNZ1187FB3DDB0,Enrique Iglesias,Contigo,pop,Dale tiempo al rumor,Cantando,El Semáforo,Dale tiempo al rumor,Cantando,El Semáforo,Mediterraneo,19 De Noviembre,Sueños,Mediterraneo,Sueños,19 De Noviembre
TRFKPYW128F92F21C5,SOJHZAT12D02198B73,AR6PJ8R1187FB5AD70,Shakira,Años Luz,pop,Cantando,Dale tiempo al rumor,Todos Quieren A Raymond,Cantando,Dale tiempo al rumor,Todos Quieren A Raymond,La Coqueta,Mirta_ De Regreso,Hazme Sentir,La Coqueta,Mirta_ De Regreso,Hazme Sentir
TRCUKHR128F92DF656,SOCWCZN12A8C14388F,ARQ32IT1187FB589D3,Sara Bareilles,Love Song,pop,Interlude 5,B-Boy Bouillabaisse: A.W.O.L. (2009 Digital Remaster),Your Song,Your Song,Man In The Mirror,I'm A Winner (Amended Album Version),Calls The Tune,I Will Write My Book,Rolling Hills,I Will Write My Book,Calls The Tune,Vacation
TRDLWAP128F428F6B9,SORXKZB12AF72A1F72,AR0S7TA1187FB4D024,Christina Aguilera,Candyman,pop,Plumskinzz (Loose Hoe_ God & Cupid),Have You Seen Her,B-Boy Bouillabaisse: A.W.O.L. (2009 Digital Remaster),Have You Seen Her,Plumskinzz (Loose Hoe_ God & Cupid),Jump To It,Computer Love,Such A Night,Plumskinzz (Loose Hoe_ God & Cupid),Plumskinzz (Loose Hoe_ God & Cupid),Computer Love,Such A Night
TRPEWXU12903CE6EA2,SONLEKN12AC9618818,ARVOZXD12454A4CC66,Selena Gomez & The Scene,Tell Me Something I Don't Know,pop,Interlude 5,8 Mile,Tell You Something (Nana's Reprise),Interlude 5,Tell You Something (Nana's Reprise),Alguien Real (Baby_ I'm In Love),You Do Something To Me,Kiss And Tell,Stutter,Miracle Mile,Kiss And Tell,Stutter
TRAYJOF128F92F9EEA,SOAYXCJ12AB0183822,ARJGIOD1187B9AE920,Kelly Clarkson,Cry,pop,Interlude 5,My Darling,8 Mile,My Darling,Interlude 5,Lentil (Live),Lentil (Live),Don't Cry Baby,I Was Meant For the Stage,Lentil (Live),Bump What Your Friends Say,Happymess
TRARKBB128F92E9468,SORUPLB12A8C14211F,ARFWL8S1187B9B4B44,Céline Dion,Zora sourit,pop,Panam All Star,L'Amour Du Risque,Sans Rémission,Panam All Star,L'Amour Du Risque,Sans Rémission,3ème Sexe,Laquelle Des Deux Est La Plus Snob,Au Printemps,3ème Sexe,Laquelle Des Deux Est La Plus Snob,Le Commerce De L'eau
TRFBXJZ128F92D25C0,SOZGQFY12A8C140D8B,ARUFTTR1187FB3A4B0,Newsboys,Dance,pop,Interlude 5,My Darling,B-Boy Bouillabaisse: A.W.O.L. (2009 Digital Remaster),Hold You,Goodnight,I Know You Got Soul,-9-,Hold You,Police The Nation,Hold You,Heroes Of Our Land,Mercy
TRICXDK128F92CBC3C,SOXWHWP12A8C1440F8,ARFWL8S1187B9B4B44,Céline Dion,Partout Je Vois,pop,Sans Rémission,Panam All Star,Yakamonéyé,Sans Rémission,Yakamonéyé,Panam All Star,L'Homme De La Situation,Assassine,Titanic,L'Homme De La Situation,Assassine,Titanic
TRZNHJN128F4293FC2,SOVODWN12D02199268,ARJGIOD1187B9AE920,Kelly Clarkson,Anytime,pop,Interlude 5,Hold Me Down (Album Version),She Ain't Afraid,Hold Me Down (Album Version),Alguien Real (Baby_ I'm In Love),Never Gonna Give You Up,Baby Help Me,Dreamworld,What You Do To Me,Dreamworld,What You Do To Me,Alguien Real (Baby_ I'm In Love)
TRPKKZG128F92E495A,SOODGZY12A8C141F44,ARQEBGJ122E6447D2B,Edward Sharpe & The Magnetic Zeros,Simplest Love,pop,Your Song,Hair,B-Boy Bouillabaisse: A.W.O.L. (2009 Digital Remaster),Green Light Girl,Green Light,Your Song,Green Light Girl,Leaving Green Sleeves,Sing A Song,Green Light Girl,Leaving Green Sleeves,Sing A Song
TRVPPSC128F92EC9C2,SORRVTP12A8C13FFAF,ARQ2I6K1187FB59949,Colbie Caillat,Midnight Bottle,pop,Interlude 5,Let's All Get Drunk,B-Boy Bouillabaisse: A.W.O.L. (2009 Digital Remaster),Let's All Get Drunk,Don't You Say No,Emergency House Party,Drive Me To Drink,Emergency House Party,Tonight The Bottle Let Me Down,Drive Me To Drink,Tonight The Bottle Let Me Down,Emergency House Party
TRCJADX128F428D3E0,SOKPSGM12A8C1381DE,AR03BDP1187FB5B324,Britney Spears,Let Me Be,pop,8 Mile,Interlude 5,B-Boy Bouillabaisse: A.W.O.L. (2009 Digital Remaster),8 Mile,Thinking About You,All I Ever Think About,Ain't No Way,Bump In The Road,Ain't No Way (You Won't Love Me),Ain't No Way,Bump In The Road,Ain't No Way (You Won't Love Me)
TRKJKJV128F425E247,SOEMDUJ12A8AE460E2,ARW9FP41187B98C2A7,Annie Lennox,Big Sky,pop,Interlude 5,B-Boy Bouillabaisse: A.W.O.L. (2009 Digital Remaster),Don't Stop Believin',Don't Stop Believin',Shoulda Put Something On,Interlude 5,Alice,La Prima Volta (First Time Ever I Saw Your Face),Peephole,Alice,La Prima Volta (First Time Ever I Saw Your Face),Incarnadine
TRXMQNH128F4287D61,SOSHPHO12A58A7D1F5,AR30R5E1187B9AD78A,Whitney Houston,Thinking About You,pop,The Easy Spell,It Ain't About You,B-Boy Bouillabaisse: A.W.O.L. (2009 Digital Remaster),The Easy Spell,Shock Dat Monkey,Love Is Wicked,Out On The Western Plain,London Boys,Something In The Way,Out On The Western Plain,London Boys,Borderline
TRXXPYK128F14805B7,SOYLXQZ12A6D4F99CA,AR9W3X91187FB3994C,Phil Collins,A Groovy Kind Of Love (Live),pop,Man In The Mirror,Club Megamix,Interlude 5,Man In The Mirror,Some Kind Of Friend,Red Red Wine (Edit),What Kind Of Love,Some Kind Of Friend,Love Affair,What Kind Of Love,Some Kind Of Friend,Love Affair
TRGQFUZ128F92ED646,SORBUNE12AB017CDD2,AR65K7A1187FB4DAA4,Beyoncé,That's Why You're Beautiful,pop,Interlude 5,Man In The Mirror,My Darling,Make Ya Feel Beautiful,The Pugilist,Chorus Of Angels,The Pugilist,Cavatina,Big Swing Face,The Pugilist,Cavatina,Big Swing Face
TRPAJJF128F428D18A,SOIHYXH12D0219A26C,AR30R5E1187B9AD78A,Whitney Houston,Step By Step,pop,8 Mile,Soundman,Ice Is Workin' It,Little Bit [CSS Remix],It's Your Thing,Stone County,Stone County,Little Bit [CSS Remix],It's Your Thing,Stone County,Little Bit [CSS Remix],It's Your Thing
TRLPDIB128F42289CC,SOOVOWN12A8AE46AA6,AR03BDP1187FB5B324,Britney Spears,Piece Of Me (Main Version),pop,Bring Your Whole Crew,Overdose (Album Version),Mischievous,Missing Piece,Bring Your Whole Crew,Miss You,Missing Piece,The Angry Cry Of The Angry Pie,Miss Ann,Missing Piece,The Angry Cry Of The Angry Pie,This Is Me (Acoustic Full Version)
TRJTTMZ128F930924B,SOLDVYF12AB017D892,AR03BDP1187FB5B324,Britney Spears,Can't Make You Love Me,pop,Interlude 5,B-Boy Bouillabaisse: A.W.O.L. (2009 Digital Remaster),Hurts The Most,Hurts The Most,Don't Get Nine,Happy Boys & Girls,System,It's All Up To You,Politically Correct,System,It's All Up To You,Politically Correct
TRKGGHK128F42999EF,SOQBVLW12A8C13B29C,AR03BDP1187FB5B324,Britney Spears,Girl In The Mirror,pop,Interlude 5,She Ain't Afraid,8 Mile,253,Damage,She Ain't Afraid,Someone i care about,Baroque Bordello,Wish,Someone i care about,Damage,253
TRLTYLK128F92FE6FF,SOWVIEO12AB0182D10,AR03BDP1187FB5B324,Britney Spears,Radar,pop,B-Boy Bouillabaisse: A.W.O.L. (2009 Digital Remaster),Interlude 5,The Dance,B-Boy Bouillabaisse: A.W.O.L. (2009 Digital Remaster),So What'Cha Want (Butt Naked Version) (Explicit) (2009 Digital Remaster),I Don't Wanna Lose Your Love,So What'Cha Want (Butt Naked Version) (Explicit) (2009 Digital Remaster),I Don't Wanna Lose Your Love,Possessed To Skate,So What'Cha Want (Butt Naked Version) (Explicit) (2009 Digital Remaster),I Don't Wanna Lose Your Love,Move (If You Wanna)
TRNEGIP128F4296261,SOGQSNV12A8C139B54,AR03BDP1187FB5B324,Britney Spears,When Your Eyes Say It,pop,Interlude 5,B-Boy Bouillabaisse: A.W.O.L. (2009 Digital Remaster),Close My Eyes,Love Don't Love You (LP Version),My Heart Belongs To You,Make Me Lose Control,Whispers,Tell Me,Is It Me? Is It True?,Whispers,Tell Me,Love Don't Love You (LP Version)
TRUWOUE128F14867BF,SOAEEWF12A6D4FAD71,AR6LZB61187B9AF431,Depeche Mode,Precious (Live In Milan),pop,Interlude 5,The Hourglass,One of Us,Interlude 5,One of Us,NoOne,NoOne,Broken Buildings,If Trust Is Broken...,NoOne,Broken Buildings,If Trust Is Broken...
TRFJKWU12903CC37B1,SOLXVSH12AB018BE14,AR5K3CW1187FB45B46,Crystal Castles,Insectica,punk,B-Boy Bouillabaisse: A.W.O.L. (2009 Digital Remaster),The Lightning Strike,The Fire In Which You Burn (feat. J-Treds & The Brewin From The Juggaknots),The Lightning Strike,Soul Power,Birthmark,Displaced,Disrepair,Feel The Beat,Displaced,Disrepair,There Must Be More
TRVEUUV128F428AB29,SOEFPNV12A8C13A346,ARACDPV1187FB58DF4,Motion City Soundtrack,Cambridge (Album Version),punk,Masters Of The Universe,B-Boy Bouillabaisse: A.W.O.L. (2009 Digital Remaster),Interlude 5,In My Head,Relating To A Psychopath,Masters Of The Universe,The Moor,Daybreaker (Roots Manuva Remix),Relating To A Psychopath,The Moor,Daybreaker (Roots Manuva Remix),Relating To A Psychopath
TRMZJSE12903D00E60,SOZGAOO12AB017EBA2,ARACDPV1187FB58DF4,Motion City Soundtrack,Disappear,punk,Interlude 5,The Dance,The Fire In Which You Burn (feat. J-Treds & The Brewin From The Juggaknots),My Heart Belongs To You,The Joke,Swallows Me Whole,Swallows Me Whole,Destination Unknown,Love Me Tender,Swallows Me Whole,Destination Unknown,My Heart Belongs To You
TRIGZIY128F42348C1,SOWMAZE12A58A79390,ARACDPV1187FB58DF4,Motion City Soundtrack,Fell in Love Without You (Cd),punk,B-Boy Bouillabaisse: A.W.O.L. (2009 Digital Remaster),Indy 500,Back Then,Back Then,We Are the End,One Man Drinking Games,Memories Are Made Of This,Dont Cry,Back Then,Memories Are Made Of This,Dont Cry,Back Then
TRZGUYI128F42368DF,SOGAERS12A58A7F67D,ARACDPV1187FB58DF4,Motion City Soundtrack,Point Of Extinction (Cd),punk,Interlude 5,If I Had,Work Work,If I Had,We Propose,Work Work,Lightspan,We Propose,I'm So Glad,Lightspan,We Propose,If I Had
TRJQRJO12903D00E65,SOBMDGH12AC3DF9D80,ARACDPV1187FB58DF4,Motion City Soundtrack,Stand Too Close,punk,Indy 500,Interlude 5,B-Boy Bouillabaisse: A.W.O.L. (2009 Digital Remaster),Indy 500,Overjoyed,Rabbit Run,Overjoyed,Too Much Love,You Win Again,Overjoyed,Indy 500,Too Much Love
TRQMNKZ12903D00E5B,SOSEINE12AC3DF608E,ARACDPV1187FB58DF4,Motion City Soundtrack,Worker Bee,punk,B-Boy Bouillabaisse: A.W.O.L. (2009 Digital Remaster),Indy 500,Spitfall,B-Boy Bouillabaisse: A.W.O.L. (2009 Digital Remaster),Winter,Indy 500,Winter,Good Day Here,Gold,Winter,Good Day Here,Gold
TRMZSJY128F4255BE9,SOGKVVX12A81C224D1,ARNBMT71187B993523,Interpol,Mind Over Time,punk,B-Boy Bouillabaisse: A.W.O.L. (2009 Digital Remaster),All Over The World,Overdose (Album Version),All Over The World,Plastic,Over My Head (Cable Car),I'm Not Silent,Viva ! blunt force trauma,All Over The World,I'm Not Silent,Viva ! blunt force trauma,All Over The World
TRVQHEV128F4259AB2,SOYQVWF12D0219A2C4,AR13CXU1187B9AD30A,The Clash,I Fought The Law,punk,All Ghetto Girl,It Ain't About You,8 Mile,All Ghetto Girl,Bad Girls,I Held My Baby Last Night,I Held My Baby Last Night,All Ghetto Girl,My Girl,I Held My Baby Last Night,All Ghetto Girl,My Girl
TRVMLEW128F425A82D,SOFEOUD12D021B1FC4,AR13CXU1187B9AD30A,The Clash,The Magnificent Seven,punk,Interlude 5,B-Boy Bouillabaisse: A.W.O.L. (2009 Digital Remaster),Man In The Mirror,Man In The Mirror,Interlude 5,Mr. Outsider,Christmas Card From A Hooker In Minneapolis,Those Sweet Words,I Can't Get My Hands On You,Christmas Card From A Hooker In Minneapolis,Willie And Laura Mae Jones,I Can't Get My Hands On You
TRWVZBZ128F1462E08,SOKLVHU12A6D4F4778,AR048JZ1187B9AEB85,Yellowcard,Believe,punk,Interlude 5,Alright,B-Boy Bouillabaisse: A.W.O.L. (2009 Digital Remaster),Alright,Interlude 5,Welcome To My Love,Alright,Welcome To My Love,One Love / People Get Ready,Alright,Welcome To My Love,One Love / People Get Ready
TRQYGUV128F1462E01,SOTEFLI12A6D4F4771,AR048JZ1187B9AEB85,Yellowcard,Empty Apartment,punk,Interlude 5,8 Mile,B-Boy Bouillabaisse: A.W.O.L. (2009 Digital Remaster),Your Eyes,Don't You (Forget About Me),Forgiveness,Don't You (Forget About Me),Broken Heart,Call Me,Don't You (Forget About Me),Broken Heart,Call Me
TRBKLDM128F427D0DA,SOMGXHN12A58A7929F,ARZWK2R1187B98F09F,Rise Against,But Tonight We Dance,punk,Let's All Get Drunk,The Hourglass,Interlude 5,Let's All Get Drunk,Going Down Town Tonight,When We Dance,Private Lives,Dance me love,Emergency House Party,Private Lives,Dance me love,Emergency House Party
TRKSDBX128F9345DC9,SOZQVQL12AB01860A8,ARZWK2R1187B98F09F,Rise Against,Faint Resemblance,punk,Interlude 5,8 Mile,B-Boy Bouillabaisse: A.W.O.L. (2009 Digital Remaster),Interlude 5,Wait A Minute,our ethos: a legacy to pass on,Fiesta Loca,Wait A Minute,Fields,Wait A Minute,Fields,Fiesta Loca
TRMGOLR128F933A7DB,SOYDERO12A6D4F72BC,ARZWK2R1187B98F09F,Rise Against,Survive,punk,8 Mile,Interlude 5,B-Boy Bouillabaisse: A.W.O.L. (2009 Digital Remaster),8 Mile,Earthquake,Kickin' It With Your Girlfriend,Highlight Of My Life,2x2x2,Earthquake,Earthquake,Highlight Of My Life,2x2x2
TRFNVPY128F92D2626,SOUKLPY12A8C1451A8,ARZWK2R1187B98F09F,Rise Against,The Dirt Whispered,punk,One of Us,Mortal City,B-Boy Bouillabaisse: A.W.O.L. (2009 Digital Remaster),We Break The Dawn,One of Us,Mortal City,Digital Sea,Breathe Without You,Josey,Digital Sea,Josey,You Are Not Alone
TRPSYVF128F428A446,SOQAAVL12A8C13C158,ARP28RX1187B9AF6C4,The Offspring,Get It Right (Album Version),punk,B-Boy Bouillabaisse: A.W.O.L. (2009 Digital Remaster),Interlude 5,8 Mile,B-Boy Bouillabaisse: A.W.O.L. (2009 Digital Remaster),Man In The Mirror,Interlude 5,All Terrain Vehicle                      	,Something I Can Never Have,When I Get Old,Something I Can Never Have,When I Get Old,All Terrain Vehicle                      	
TROGTUS128F932D6CB,SOSVNOS12AB01831D7,ARP28RX1187B9AF6C4,The Offspring,Want You Bad,punk,Interlude 5,B-Boy Bouillabaisse: A.W.O.L. (2009 Digital Remaster),Bad Girls,Bad Girls,Bad Mutha,Bad Girl,Ballchef,Bad Girls,You Need A Hug,Bad Girls,Ballchef,You Need A Hug
TRZVPFY128F92E19DF,SOPXOZV12AAF3B462D,ARP28RX1187B9AF6C4,The Offspring,Staring At The Sun,punk,B-Boy Bouillabaisse: A.W.O.L. (2009 Digital Remaster),Curse,Close My Eyes,Punk Rock Points,Close My Eyes,Travellers Tune,Punk Rock Points,Close My Eyes,Don't Cry For Me Argentina,Punk Rock Points,Close My Eyes,Don't Cry For Me Argentina
TRGAEVY128F428BEF6,SOWLEBB12A8C13972F,AR46CAD1187FB4D84B,Bad Religion,Operation Rescue,punk,Interlude 5,Curse,Feva Las Vegas,Interlude 5,Feva Las Vegas,Curse,World Of Uncertainty,16,There Stands The Glass,World Of Uncertainty,16,The Irony Of It All (Album Version)
TRPTWJT128F422F239,SOAOSYE12A6D4FB832,AR10USD1187B99F3F1,Silverstein,When Broken Is Easily Fixed (Album Version),punk,Curse,My Darling,Overdose (Album Version),Pretty Lush (Album Version),Bloodless,Sentenced to Burn,Pretty Lush (Album Version),C.b.f.,Bottomless Seas,Pretty Lush (Album Version),C.b.f.,Bottomless Seas
TRPYGVQ128E078EFE9,SOEDBQL12A670213B3,ARWA6NT1187FB3F15C,The Cure,Want,punk,Tricky Versus Lynx (Live),Ho,The Dog ( LP Version),The Dog ( LP Version),Ho,Do The Dog,The Dog ( LP Version),Do The Dog,TruDog: The Return,The Dog ( LP Version),Do The Dog,TruDog: The Return
TRJNMGP128F92E0427,SOGXZZI12AAF3B2704,AR8UICP11C8A4154FD,Hey Monday,Josey,punk,B-Boy Bouillabaisse: A.W.O.L. (2009 Digital Remaster),Overdose (Album Version),8 Mile,Queen Of Hollywood ( LP Version ),DHC,Officer,DHC,Beef Bologna,She Sings The Mourning,DHC,The Dirt Whispered,Tinkers Blues
TRVWMAR128F425A2DA,SOMFMFC12A8AE45B47,AR13CXU1187B9AD30A,The Clash,1-2 Crush On You,punk,Interlude 5,Man In The Mirror,Knowledge Of Self,Man In The Mirror,Knowledge Of Self,Eat To Live (Album Version),Auntie (Ma-Ma-Ma Belle),Knowledge Of Self,Hellhound On My Trail,Knowledge Of Self,Auntie (Ma-Ma-Ma Belle),Eat To Live (Album Version)
TRCKZBM128F425A2DD,SOJPDPR12A8AE45B50,AR13CXU1187B9AD30A,The Clash,Brand New Cadillac,punk,Me Or The Papes,It Ain't About You,C'Mon,C'Mon,Me Or The Papes,Jesus Is Coming Soon,He Ain't Comin' Home No More,C'Mon,Jesus Is Coming Soon,He Ain't Comin' Home No More,C'Mon,Goin' Back To Indiana
TRCFCHA128F4259A75,SORYRRU12A8AE45B60,AR13CXU1187B9AD30A,The Clash,Cool Confusion,punk,B-Boy Bouillabaisse: A.W.O.L. (2009 Digital Remaster),Find A Way,No Remorse (Album Version),Brotha,She Got Kids,Find A Way,Me And My Desire,GO,Brotha,Me And My Desire,Hollywood,GO
TRYSJKQ128F4259A73,SOKVAFU12A8AE46882,AR13CXU1187B9AD30A,The Clash,First Night Back In London,punk,B-Boy Bouillabaisse: A.W.O.L. (2009 Digital Remaster),Interlude 5,Overdose (Album Version),B-Boy Bouillabaisse: A.W.O.L. (2009 Digital Remaster),Overdose (Album Version),Summertime,Minutes to Miles,vin ordinaire,One More Day,Minutes to Miles,Chest Pain,B-Boy Bouillabaisse: A.W.O.L. (2009 Digital Remaster)
TRAQKVC128F425E65C,SOUTRYP12A8AE46BC6,AR13CXU1187B9AD30A,The Clash,Inoculated City,punk,B-Boy Bouillabaisse: A.W.O.L. (2009 Digital Remaster),Spitfall,Undead,Spitfall,With God On Our Side,Undead,Invaders Must Die,21 Guns (Good Riddance),I'm So Glad,21 Guns (Good Riddance),With God On Our Side,Invaders Must Die
TRUASIU128F425A1D7,SOKPHTL12A8AE47058,AR13CXU1187B9AD30A,The Clash,Lost In The Supermarket,punk,Interlude 5,Snoopafella (Edited),Knick Knack Patty Wack,253,Snoopafella (Edited),The Music Or The Misery,Here's To All The People I Have Lost,Just In Time,So Much More,Here's To All The People I Have Lost,Just In Time,The City
TROLGMC128F4259BB8,SOMAATM12A8AE45E6A,AR13CXU1187B9AD30A,The Clash,Overpowered By Funk,punk,The Rockafeller Skank,Funk Funk,One Nation Under A Groove,The Rockafeller Skank,Funk Funk,One Nation Under A Groove,Funk Funk,Shake Your Rump To The Funk,The Rockafeller Skank,Funk Funk,Shake Your Rump To The Funk,One Nation Under A Groove
TRMQMTC128F428A516,SOSTMID12A8C13A27B,AR46CAD1187FB4D84B,Bad Religion,Automatic Man (Album Version),punk,B-Boy Bouillabaisse: A.W.O.L. (2009 Digital Remaster),Interlude 5,The Illest Brother,B-Boy Bouillabaisse: A.W.O.L. (2009 Digital Remaster),Just Another Brother,The Illest Brother,Reefer Man,I Call Him Love,Possessed To Skate,Reefer Man,Possessed To Skate,I Call Him Love
TRQENBA128F426093C,SOQLMHB12A8C1384BF,AR46CAD1187FB4D84B,Bad Religion,Chimaera (Album Version),punk,Interlude 5,B-Boy Bouillabaisse: A.W.O.L. (2009 Digital Remaster),Fool For Love,Hurts The Most,Interlude 5,Ken Kaniff,Hurts The Most,Ballchef,Some Men Are Like Chocolate,Hurts The Most,Some Men Are Like Chocolate,Ballchef
TRJCXHB128F428AC5B,SOLDKOL12A8C1392D1,AR46CAD1187FB4D84B,Bad Religion,Damned to Be Free (Album Version),punk,Interlude 5,Curse,B-Boy Bouillabaisse: A.W.O.L. (2009 Digital Remaster),Curse,Ridiculous,Man In The Mirror,Wicked World,Re-Birth,Plastic World,Ridiculous,Wicked World,Re-Birth
TRHWAPL128F428BEEE,SOSHLOP12A8C13971C,AR46CAD1187FB4D84B,Bad Religion,Get Off,punk,Interlude 5,B-Boy Bouillabaisse: A.W.O.L. (2009 Digital Remaster),Mainstream,Who Ride Wit Us,Mainstream,All For One (Explicit) (2006 Remastered LP Version),Is This Love,Share My World,(It's Not Easy) Bein' Green,Share My World,Mainstream,All For One (Explicit) (2006 Remastered LP Version)
TRHYIAH128F14825EC,SOLIECS12A6310F220,AROBHK51187B9AD82B,Funeral For A Friend,Juneau,punk,My Darling,Curse,Spitfall,Stone Cold Heart,Love At First Sight (The Scumfrog's Beauty And The Beast Vocal Edit),Oxygen's Gone,Guess How Much I Love You,Stone Cold Heart,More Than You Know,Guess How Much I Love You,Stone Cold Heart,More Than You Know
TRWMODL128F92E7E2A,SOLOBYS12AB017B614,ARUUP451187B9AF56E,Wire,Another The letter,punk,Where's The Truth,B-Boy Bouillabaisse: A.W.O.L. (2009 Digital Remaster),The Hourglass,Where's The Truth,Heaven Is A Place On Earth,Man In The Mirror,Where's The Truth,Heart In The Right Place,Flying high,Where's The Truth,Heart In The Right Place,Promise Broken
TRABGYE128E078278A,SODQTSE12A6310D90B,ARUUP451187B9AF56E,Wire,Strange,punk,B-Boy Bouillabaisse: A.W.O.L. (2009 Digital Remaster),Queen Of Hollywood ( LP Version ),Bodies,Bodies,Queen Of Hollywood ( LP Version ),DHC,Something Written,Have To Explode,Smith,Something Written,Have To Explode,DHC
TRBAQPR128F92F4AB0,SODLLJJ12A8C141D54,ARDT4K91187FB53602,The Wonder Years,Dude_ What Is a Land Pirate?,punk,Interlude 5,She Ain't Afraid,Overdose (Album Version),She Ain't Afraid,Interlude 5,Ken Kaniff,I'd Hate To Be You When People Find Out What This Song Is About (Album),Already Gone,Destination: Death or Better Days,Already Gone,Destination: Death or Better Days,I'd Hate To Be You When People Find Out What This Song Is About (Album)
TRVOTRF128F148AE44,SOYCTSV12A6D4FB43C,ARMKNC21187FB4696B,Dashboard Confessional,Again I Go Unnoticed,punk,B-Boy Bouillabaisse: A.W.O.L. (2009 Digital Remaster),Curse,Interlude 5,Tell You Something (Nana's Reprise),Breathe Again,I'm Still Waiting,Another Wound,Lonely Starts & Broken Hearts (Album Version),Breathe Again,Another Wound,I'm Still Waiting,MV4
TRRERUT128F1477144,SOWSXYV12A58A7CCC3,ARMKNC21187FB4696B,Dashboard Confessional,Carry This Picture,punk,Honest Expression,Diamonds From Sierra Leone,Safe + Sound,Diamonds From Sierra Leone,Accidents,Stingy,Accidents,The Cobbler,Stingy,Accidents,Stingy,The Cobbler
TRHGTHE128F428B4C3,SOVJEHL12A8C13B495,ARPDVPJ1187B9ADBE9,Usher,U R The One,r&b/soul,I Love U In Me ( LP Version),Feva Las Vegas,Jack U Off (LP Version),I Love U In Me ( LP Version),Jack U Off (LP Version),Valium Summer,Jack U Off (LP Version),Leave The Lights On (Album Version),New York USA,Jack U Off (LP Version),Leave The Lights On (Album Version),Never Letchu Go
TREIEOO128F42B0099,SOJPTRM12A8C14003B,ARXOTQH1187FB57084,Chris Brown,Ain't No Way (You Won't Love Me),r&b/soul,Interlude 5,B-Boy Bouillabaisse: A.W.O.L. (2009 Digital Remaster),Honest Expression,Honest Expression,Interlude 5,Naked,Magical,Love Affair,Be With You,Love Affair,Magical,Honest Expression
TRRZSBO128F428BE44,SOGEKBX12A8C13ACE1,ARPDVPJ1187B9ADBE9,Usher,Nice & Slow,r&b/soul,B-Boy Bouillabaisse: A.W.O.L. (2009 Digital Remaster),8 Mile,Interlude 5,All I Ever Think About,Naked,Sex Packets (LP Version),Sex Packets (LP Version),Waiting For The Day,Star,Waiting For The Day,Sex Packets (LP Version),Star
TRMZSRG128F428BE3F,SOPEKWP12A8C138692,ARPDVPJ1187B9ADBE9,Usher,Roni,r&b/soul,Interlude 5,Hair,8 Mile,She's A Dream,Inna From Mexico,I'm Catching Hell (Living Here Alone) (Digitally Remastered 02),Keep Your Hands Off Her,My Little Girl,Lucille,Keep Your Hands Off Her,My Little Girl,Baby
TRENECR128F92DAC48,SOOPTMD12A8AE46BFE,ARXOTQH1187FB57084,Chris Brown,Damage,r&b/soul,Interlude 5,B-Boy Bouillabaisse: A.W.O.L. (2009 Digital Remaster),My Darling,Man In The Mirror,Caught Up,Fool For Love,Girl In The Mirror,New Rose,I Apologize,Passin' Me By,Caught Up,Higher
TRIAONH128F9340E62,SOCTATF12A58A77508,ARXOTQH1187FB57084,Chris Brown,Gotta Be Ur Man,r&b/soul,B-Boy Bouillabaisse: A.W.O.L. (2009 Digital Remaster),Interlude 5,Man In The Mirror,Sunshine,Man In The Mirror,Hoodrats,Be Your Husband,Sunshine,Diskobox,Sunshine,Be Your Husband,Naked
TRFBNCQ128F9302AD9,SORWAEG12AB0181063,ARCGJ6U1187FB4D01F,Akon,Birthmark,r&b/soul,Interlude 5,The Dance,B-Boy Bouillabaisse: A.W.O.L. (2009 Digital Remaster),Interlude 5,Otha Fish,Forgiveness,Get It Together (Album Version),When The Lovelight Starts Shining Through His Eyes,Forgiveness,Forgiveness,Get It Together (Album Version),Breakin Me
TRPZAPZ128F9341D3E,SOUFNEL12D021B2AEB,ARLMXEA1187B9A7D04,R. Kelly,Don't You Say No,r&b/soul,Interlude 5,B-Boy Bouillabaisse: A.W.O.L. (2009 Digital Remaster),1st Booty On Duty,Let's All Get Drunk,1st Booty On Duty,Baby We've Got A Date (Rock It Baby),Disco,Not Your Baby,Baby We've Got A Date (Rock It Baby),Disco,Not Your Baby,Naked
TRGHYGG12903CAC100,SORLWRB12D02199388,ARLMXEA1187B9A7D04,R. Kelly,Kickin' It With Your Girlfriend,r&b/soul,Interlude 5,B-Boy Bouillabaisse: A.W.O.L. (2009 Digital Remaster),8 Mile,Interlude 5,I Mean (I Don't Mean It),Kiss,I Didn't Mean To Turn You On,Kiss,I Mean (I Don't Mean It),I Mean (I Don't Mean It),Interlude 5,Kiss
TRNEYNN128F92C21F7,SOZEFCO12D02193313,ARLMXEA1187B9A7D04,R. Kelly,Rise Up,r&b/soul,Interlude 5,Do The Bartman,Rise,Rise,You Left Me,Do The Bartman,Rise,You Hold Me Together,Sometimes,Rise,You Hold Me Together,Sometimes
TRRSRXG128E07888AF,SOTFWWF12A67020F44,ARKSZW81187B9B695D,Mariah Carey,Joy Ride,r&b/soul,B-Boy Bouillabaisse: A.W.O.L. (2009 Digital Remaster),Interlude 5,Mainstream,Strings,Joy,Rock Wit U (Awww Baby),Joy,Strings,Round & Round,Joy,Strings,Make You Sweat (LP Version)
TRONPIZ128F1454219,SOKLOOH12A6D4F6EED,ARKSZW81187B9B695D,Mariah Carey,Sprung,r&b/soul,Find A Way,I'm Ready,No Remorse (Album Version),Find A Way,I'm Ready,Brotha,I'm Ready,GO,Why You Doing Like That,I'm Ready,GO,Why You Doing Like That
TRJKYAO128F427420D,SOSEWHU12A8AE484E5,ARKSZW81187B9B695D,Luther Vandross,Never Too Much,r&b/soul,B-Boy Bouillabaisse: A.W.O.L. (2009 Digital Remaster),Interlude 5,8 Mile,Oh Baby I,Stop This Car,Touch Too Much,Too Much Pressure,Oh Baby I,She's Funny That Way,Too Much Pressure,Oh Baby I,She's Funny That Way
TRYGRKO128F9343244,SOMBFBA12A8C13D236,ARLMXEA1187B9A7D04,R. Kelly,Chocolate Factory,r&b/soul,I Love U In Me ( LP Version),Feva Las Vegas,Interlude 5,I Love U In Me ( LP Version),Jack U Off (LP Version),Feva Las Vegas,Jack U Off (LP Version),It Ain't Easy,Leave The Lights On (Album Version),Jack U Off (LP Version),It Ain't Easy,Space
TROIJDA128F9341E70,SOCUXGX12A8C13B78C,ARLMXEA1187B9A7D04,R. Kelly,I Mean (I Don't Mean It),r&b/soul,Interlude 5,B-Boy Bouillabaisse: A.W.O.L. (2009 Digital Remaster),Touch Me,Kickin' It With Your Girlfriend,Interlude 5,Touch Me,I Didn't Mean To Turn You On,Are You Ready For Me,Tell Me,I Didn't Mean To Turn You On,Kickin' It With Your Girlfriend,Do It All Again
TRXTJGV12903CAC0F8,SOJYYAN12A58A790B1,ARLMXEA1187B9A7D04,R. Kelly,In The Kitchen,r&b/soul,Overdose (Album Version),B-Boy Bouillabaisse: A.W.O.L. (2009 Digital Remaster),Interlude 5,Overdose (Album Version),Sexy,Keep Your Shit The Hardest,Sexy,It's All Over,Rock And Roll Girls,Sexy,It's All Over,Rock And Roll Girls
TRTWRQD12903CA9E3B,SOCDGAR12AB018CE44,AR52EZT1187B9900BF,Alicia Keys,Distance And Time,r&b/soul,8 Mile,Interlude 5,B-Boy Bouillabaisse: A.W.O.L. (2009 Digital Remaster),Oh Baby I,Coming Up Roses,Miss You,20th Century,Oh Baby I,Coming Up Roses,Oh Baby I,The Look Of Love,20th Century
TRWPMRK12903CCDA98,SOWGUXF12AB0185700,AR52EZT1187B9900BF,Alicia Keys,Lover Man,r&b/soul,Interlude 5,B-Boy Bouillabaisse: A.W.O.L. (2009 Digital Remaster),The Hourglass,Man In The Mirror,Getting Over You,Eat To Live (Album Version),You Can't Judge A Book By It's Cover,Moonlight Serenade,I Got a Woman,You Can't Judge A Book By It's Cover,Moonlight Serenade,I Got a Woman
TRMTTBA128F429A7EC,SOSYUFF12A8C13C104,AR52EZT1187B9900BF,Alicia Keys,Nobody Not Really (Interlude),r&b/soul,Interlude 5,If I Had,Splurge,Come On Around To My House Mama,Everybody Knows,So Alone,Jeannie's Diary,Anyone Who Knows What Love Is (Will Understand),A Really Good Time (1999 Digital Remaster),Jeannie's Diary,A Really Good Time (1999 Digital Remaster),Anyone Who Knows What Love Is (Will Understand)
TRWCVWH128F4284EE5,SOIYWLQ12AF729E318,AR52EZT1187B9900BF,Alicia Keys,Piano & I,r&b/soul,Interlude 5,Plumskinzz (Loose Hoe_ God & Cupid),Slam Harder,Slam,Slam Harder,Plumskinzz (Loose Hoe_ God & Cupid),Lowrider,Alamo,Fake French,Lowrider,Plumskinzz (Loose Hoe_ God & Cupid),Without You
TRQQLZD128F425E9BC,SOYSABZ12A58A7CAE3,AR52EZT1187B9900BF,Alicia Keys,Tell You Something (Nana's Reprise),r&b/soul,Interlude 5,Club Megamix,B-Boy Bouillabaisse: A.W.O.L. (2009 Digital Remaster),Club Megamix,Can't Tell Me Nothing,I Wanna Know,Destination: Overdrive,Everyday,Adam's Song,Club Megamix,Destination: Overdrive,Everyday
TREAJBV12903CCDA96,SOVRMZU12AB017FE90,AR52EZT1187B9900BF,Alicia Keys,Try Sleeping With A Broken Heart,r&b/soul,Interlude 5,My Darling,Mortal City,Fast As I Can,Forgiveness,Going Down Town Tonight,Fast As I Can,Soul Shakedown,(Why Did I Tell You I Was Going To) Shanghai,Fast As I Can,Forgiveness,Lost In You
TRDFWVZ128F4284EF0,SODFKEG12AF72A4E66,AR52EZT1187B9900BF,Alicia Keys,Why Do I Feel So Sad,r&b/soul,Interlude 5,8 Mile,I'm Catching Hell (Living Here Alone) (Digitally Remastered 02),Interlude 5,Hate,I'm Catching Hell (Living Here Alone) (Digitally Remastered 02),Hate,Tell Me (Acoustic),You Need A Hug,Tell Me (Acoustic),Hate,You Need A Hug
TRFRUCJ128F4284EF2,SOKILIB12D021B411C,AR52EZT1187B9900BF,Alicia Keys,Lovin U,r&b/soul,Easy,Interlude 5,A Deeper Love,Easy,A Deeper Love,Easy,Easy,Work It Out,Easy To Love,Easy,Work It Out,Easy To Love
TRXONIT128F9355F39,SOMSIJG12AF72AD5CE,ARQFENL121318C58A6,Jeremih,My Ride,r&b/soul,B-Boy Bouillabaisse: A.W.O.L. (2009 Digital Remaster),Who Ride Wit Us,No Remorse (Album Version),Who Ride Wit Us,B-Boy Bouillabaisse: A.W.O.L. (2009 Digital Remaster),So Ghetto,Who Ride Wit Us,To Da Crib,Is It Love You're After,Who Ride Wit Us,To Da Crib,Stop This Car
TRURHNH128F9355F33,SONEKBK12AB017C335,ARQFENL121318C58A6,Jeremih,Starting All Over,r&b/soul,Interlude 5,Plumskinzz (Loose Hoe_ God & Cupid),Slam Harder,Plumskinzz (Loose Hoe_ God & Cupid),Slam Harder,Slam,I'm Not In The Mood (To Say No)!,Alamo,I La La La Love You,I'm Not In The Mood (To Say No)!,Plumskinzz (Loose Hoe_ God & Cupid),Life of Tha Party
TRBVOUE128F92F4B3E,SOLYDSR12D021902F1,ARIL5841187FB5C061,Duffy,Oh Boy,r&b/soul,Interlude 5,B-Boy Bouillabaisse: A.W.O.L. (2009 Digital Remaster),Mr. Outsider,Jake,Cat's In The Cradle,Mama's Boy,Home,Jake,Li'l Jack Horny,Jake,Home,Li'l Jack Horny
TRTAKII128F92E4449,SOKHIOI12A8C141E73,AR9B7FG1187B9A5C96,Jay Sean,Maybe,r&b/soul,B-Boy Bouillabaisse: A.W.O.L. (2009 Digital Remaster),Interlude 5,FlyPaper,FlyPaper,Caught Up,Feelin Is Right,Safe and Sound,Left to chance,Guilty,Safe and Sound,FlyPaper,Evenfall
TRSHMDQ128F422C1D6,SOZBCSN12A8AE46F93,AR9B7FG1187B9A5C96,Jay Sean,Stuck In the Middle,r&b/soul,Interlude 5,B-Boy Bouillabaisse: A.W.O.L. (2009 Digital Remaster),8 Mile,Interlude 5,B-Boy Bouillabaisse: A.W.O.L. (2009 Digital Remaster),I'm Gon' Change,Stop & Think It Over,Loser Friendly,I Like It (Remix),Stop & Think It Over,Loser Friendly,I Like It (Remix)
TRENMSO128F42AF485,SOUXXLG12A8C13EB34,AR8DTD41187FB51ED9,Fantasia,Bump What Your Friends Say,r&b/soul,Interlude 5,B-Boy Bouillabaisse: A.W.O.L. (2009 Digital Remaster),My Darling,My Darling,Ho's A Housewife,Friends/Oh My My (LIve),Never Meant To Be,Don't Want You Back,One Of The Boys,Never Meant To Be,Friends/Oh My My (LIve),Don't Want You Back
TRTSASI12903CC26E8,SOUSVDG12AB018B099,AR20CFC1187B98A25D,Ray Charles,Smack Dab In The Middle,r&b/soul,B-Boy Bouillabaisse: A.W.O.L. (2009 Digital Remaster),Interlude 5,Throw Ya Handz Up,Throw Ya Handz Up,Get Your Hands Up,Is This Love,Is This Love,Rock Me Baby,20th Century Boy,Is This Love,Rock Me Baby,20th Century Boy
TRNZNSR128F429F04B,SOIFMOR12A8C13C0CD,AR20CFC1187B98A25D,Ray Charles,Don't You Know,r&b/soul,B-Boy Bouillabaisse: A.W.O.L. (2009 Digital Remaster),Snoopafella (Edited),Interlude 5,Baby Girl,Love Was Here,Breathing,Soon Forward,Kiss me baby,Rock Me Baby,Soon Forward,Kiss me baby,Ain't Too Proud To Beg
TRWFFHM128F92F99C4,SOJVLDB12AB017ACC4,ARZCS0M1187FB52EAB,Chrisette Michele,All I Ever Think About,r&b/soul,Interlude 5,Honest Expression,Splurge,Splurge,Nice & Slow,Club Megamix,Nice & Slow,If You Really Love Me,Talking,Nice & Slow,Sex,Waiting For The Day
TRDIOJU128F931BF15,SOPGSCU12D0219384E,ARRZUPG11F43A69EF7,Jackson 5,(You Were Made) Especially For Me,r&b/soul,Don't Sit Under The Apple Tree,Dream Catch Me,My Darling,Don't Sit Under The Apple Tree,Dream Catch Me,Hold Me Down (Album Version),Anyone Who Knows What Love Is (Will Understand),Don't Sit Under The Apple Tree,Dream Catch Me,Anyone Who Knows What Love Is (Will Understand),Don't Sit Under The Apple Tree,Dream Catch Me
TRGYQBU128F9342C87,SONQNNF12D021B4C46,ARRZUPG11F43A69EF7,Jackson 5,I Was Made To Love Her,r&b/soul,Interlude 5,B-Boy Bouillabaisse: A.W.O.L. (2009 Digital Remaster),Black Dog,Black Dog,Interlude 5,It's Growing,Build Me Up Buttercup,Black Dog,I BELIEVE,Build Me Up Buttercup,Black Dog,I BELIEVE
TRVBSAC128F42B6438,SOAPRQO12AF72A2410,ARRZUPG11F43A69EF7,Jackson 5,Bridge Over Troubled Water,r&b/soul,Mainstream,Keepin' It Strong,B-Boy Bouillabaisse: A.W.O.L. (2009 Digital Remaster),Lay Down Your Sorrows,When I Lay My Burden Down,Some Kind Of Trouble,When I Lay My Burden Down,Lay Down Your Sorrows,Sweet Troubled Soul,When I Lay My Burden Down,Lay Down Your Sorrows,Sweet Troubled Soul
TRHTGXF128F931BEE7,SOVJMLE12AB01848BF,ARRZUPG11F43A69EF7,Jackson 5,Goin' Back To Indiana,r&b/soul,Do The Bartman,Touch Me,Contagious,Do The Bartman,Heaven,I Got It Goin' On,Heaven,Going To New York,I Got It Goin' On,Heaven,I Got It Goin' On,He Ain't Comin' Home No More
TRULIIL128F4228AC8,SOHQSLE12A6D4FD852,ARRZUPG11F43A69EF7,Jackson 5,Lookin' Through The Windows,r&b/soul,Twizala,Remember Me,Slow Motion,Twizala,Slow Motion,Remember Me,Twizala,Morning Light,Looking for Somebody,Twizala,Morning Light,Looking for Somebody
TRTKNDU128EF3517DF,SOHAESY12A6D223C62,ARRZUPG11F43A69EF7,Jackson 5,You've Changed,r&b/soul,Man In The Mirror,Interlude 5,My Darling,Man In The Mirror,Yeah,Jump To It,Here And Now,Yeah,Rubylove,Here And Now,Yeah,Something To Talk About
TRQBNNZ128F92D4F35,SONSXHN12A58A7B790,ARNQKXK1187B99EFDA,Jazmine Sullivan,Switch!,r&b/soul,Interlude 5,Do The Bartman,B-Boy Bouillabaisse: A.W.O.L. (2009 Digital Remaster),Interlude 5,Do The Bartman,Bring Your Whole Crew,I Don't Care,Best Of Luck,Best Thing That Never Happened,Best Of Luck,I Don't Care,The Winkle Man
TRTYGWW128E0794FA2,SOXJKGU12A67ADA1C9,ARIPLUN1187B99B9F9,The Police,One World (Not Three),reggae,8 Mile,Interlude 5,Curse,8 Mile,Mandlebrot Set,If I Had,Lightspan,Throw That World Away,Imagine,Lightspan,Imagine,This Respirator
TRKHTKI128F92EA339,SOSDIHQ12A8C13C23F,AR6J3X81187FB59A7B,Matisyahu,Close My Eyes,reggae,B-Boy Bouillabaisse: A.W.O.L. (2009 Digital Remaster),Interlude 5,8 Mile,B-Boy Bouillabaisse: A.W.O.L. (2009 Digital Remaster),Days Like These,Walk Into The Sun,Flying high,After The Love,Days Like These,B-Boy Bouillabaisse: A.W.O.L. (2009 Digital Remaster),Days Like These,Bad Mutha
TRACTLX128F42A51F6,SOWXKLQ12A8C13C221,AR6J3X81187FB59A7B,Matisyahu,Exaltation,reggae,The Hourglass,One of Us,Curse,All Over The World,The Hourglass,O Holy Night,Holy Is The Lord,Prism Of Life,O Holy Night,Prism Of Life,O Holy Night,All Over The World
TRHQAPS128F42A51F4,SOSWVVV12A8C13C21C,AR6J3X81187FB59A7B,Matisyahu,Fire and Heights,reggae,Interlude 5,B-Boy Bouillabaisse: A.W.O.L. (2009 Digital Remaster),The Hourglass,Close My Eyes,Man In The Mirror,One of Us,So Help Me God,All Fired Up_ No Place To Go,Poem (Precision Version),So Help Me God,Book Of Life,All Fired Up_ No Place To Go
TRWMHCZ128F42AE295,SOPJZCC12A8C13FF7B,AR6J3X81187FB59A7B,Matisyahu,Jerusalem,reggae,B-Boy Bouillabaisse: A.W.O.L. (2009 Digital Remaster),Interlude 5,One Tribe,One Tribe,Interlude 5,Touch My Fire,Autopilot,One Tribe,Yours (Live),One Tribe,Autopilot,Yours (Live)
TRMMTKA128F42A51E7,SOSCMSY12A8C13C1E9,AR6J3X81187FB59A7B,Matisyahu,Warrior,reggae,B-Boy Bouillabaisse: A.W.O.L. (2009 Digital Remaster),The Hourglass,Interlude 5,Fire and Heights,B-Boy Bouillabaisse: A.W.O.L. (2009 Digital Remaster),Jerusalem,Fire and Heights,Memories Are Made Of This,Jerusalem,Fire and Heights,Jerusalem,Adam Lives In Theory
TRPPHPV128F92F0750,SOMITIJ12AB017CAFA,ARW8F4B1187FB45EB4,Sublime,Don't Push,reggae,B-Boy Bouillabaisse: A.W.O.L. (2009 Digital Remaster),Interlude 5,Overdose (Album Version),B-Boy Bouillabaisse: A.W.O.L. (2009 Digital Remaster),Make the Music With Your Mouth_ Biz,Da Mystery Of Chessboxin',Make the Music With Your Mouth_ Biz,Oh Word?,Boot Scootin' Boogie,B-Boy Bouillabaisse: A.W.O.L. (2009 Digital Remaster),Make the Music With Your Mouth_ Biz,The Dance
TRZDKCU128F1456899,SOVEQJB12D0219AE54,ARW8F4B1187FB45EB4,Sublime,Pawn Shop,reggae,Beg For Mercy,Do You Remember,Knick Knack Patty Wack,Beg For Mercy,Do You Remember,The House That We Built,Do You Remember,Stone Cold,Viva ! blunt force trauma,Do You Remember,Stone Cold,The House That We Built
TRQCFKA128F148A0D5,SOUEAIV12A6D4F9FC2,ARRYZN01187FB45757,Michael Franti & Spearhead,See you in the Light,reggae,Interlude 5,B-Boy Bouillabaisse: A.W.O.L. (2009 Digital Remaster),At The Spot,At The Spot,All About U,Morning After,At The Spot,You Know How to Love Me,Hyper-Ballad,At The Spot,You Know How to Love Me,Hyper-Ballad
TRPPATZ128F428BA6E,SOFOGTV12A6D4F9FBE,ARRYZN01187FB45757,Michael Franti & Spearhead,Sweet Little Lies,reggae,Interlude 5,B-Boy Bouillabaisse: A.W.O.L. (2009 Digital Remaster),Man In The Mirror,Where's The Truth,Man In The Mirror,Red Red Wine (Edit),Where's The Truth,Blind Rage,Masquerade,Where's The Truth,Masquerade,Blind Rage
TRMVVWQ128F422BB64,SOLMWNS12A81C209CB,AR9NG3Y1187B9895EE,McFly,The Way You Make Me Feel,reggae,Interlude 5,B-Boy Bouillabaisse: A.W.O.L. (2009 Digital Remaster),By The Way,By The Way,Plumskinzz (Loose Hoe_ God & Cupid),Interlude 5,There'll Come A Time,What You Do To Me,Piano & I,What You Do To Me,By The Way,There'll Come A Time
TRRATGY12903D138DB,SOQQEZD12AC468BFC3,ARBNXYA1187FB51C50,Daddy Yankee,Grito Mundial,reggae,Dale tiempo al rumor,La ciudad nunca duerme,La Ranfla Del Cartel,Dale tiempo al rumor,La ciudad nunca duerme,La Ranfla Del Cartel,Exilio,Ven,La Ranfla Del Cartel,Exilio,Ven,La Ranfla Del Cartel
TRPSKLI128F425E42C,SOAUWMK12A8C136F49,ARD66TF1187B9A1670,tobyMac,Get This Party Started: Ghost Remix,reggae,Interlude 5,Flashlight,B-Boy Bouillabaisse: A.W.O.L. (2009 Digital Remaster),Everybody Everybody,Flashlight,Where's The Party,Everybody Everybody,Life Of The Party,Everytime We Live Together We Die A Bit More,Everybody Everybody,Life Of The Party,Where's The Party
TRWQMVZ128E078F1F7,SOBPURX12D021B0F0F,ARAZCWP129462A97F1,Bob Marley & The Wailers,Africa Unite,reggae,Interlude 5,Sticky,Man In The Mirror,Sticky,Man In The Mirror,Colony,Sticky,Progress,To All New Arrivals,Sticky,Progress,To All New Arrivals
TRHDTPQ128F147733A,SOLWOXW12D021B2450,ARAZCWP129462A97F1,Bob Marley & The Wailers,Could You Be Loved,reggae,Interlude 5,8 Mile,B-Boy Bouillabaisse: A.W.O.L. (2009 Digital Remaster),Interlude 5,Man In The Mirror,Tell You Something (Nana's Reprise),You Do Something To Me,I Am Nothing,Destination Unknown,Destination Unknown,You Do Something To Me,Rollercoaster
TRUVZTN128F424B846,SOLIWAK12D021B0CFA,ARAZCWP129462A97F1,Bob Marley,No Water,reggae,Rebels Hop,I Mean (I Don't Mean It),Lollipop,Rebels Hop,I Mean (I Don't Mean It),All Along The Water,Rebels Hop,Rubylove,All Along The Water,Rebels Hop,All Along The Water,Don't Wanna Go To Bed Now
TRGPDHJ128F14527D5,SOVKUMU12D0219A271,ARAZCWP129462A97F1,Bob Marley & The Wailers,One Love / People Get Ready,reggae,Interlude 5,Believe,Hey Ya!,Believe,Hey Ya!,Alright,Believe,Alright,Holy Is The Lord,Believe,Alright,It's Alright
TRHKHHL128F4251E2A,SOFLXLZ12D021B24CD,ARAZCWP129462A97F1,Bob Marley,Try Me,reggae,Interlude 5,B-Boy Bouillabaisse: A.W.O.L. (2009 Digital Remaster),Without You,Interlude 5,Without You,Everything You Need,Take Me Away,Try Me Again,Go To Sleep,Take Me Away,Try Me Again,Without You
TRAMTEH128F930D496,SOKVEKX12CF530D5AF,ARAZCWP129462A97F1,Bob Marley & The Wailers,Baby We've Got A Date (Rock It Baby),reggae,Rock Wit U (Awww Baby),Just Right,Let's All Get Drunk,Rock Wit U (Awww Baby),Just Right,We Gonna Rock,We Gonna Rock,Rock Wit U (Awww Baby),The Street And Babe Shadow,Rock Wit U (Awww Baby),We Gonna Rock,The Street And Babe Shadow
TRCGRJV128F1477322,SOJPUXZ12CF5F8899E,ARAZCWP129462A97F1,Bob Marley & The Wailers,Johnny Was,reggae,Take My Money,Interlude 5,B-Boy Bouillabaisse: A.W.O.L. (2009 Digital Remaster),Take My Money,She's Single Again,Luv Me Up,She's Single Again,W.O.M.A.N.,A Woman In Love,She's Single Again,W.O.M.A.N.,Take My Money
TRRVJJF128F9309F02,SOECMGI12CF530E4F3,ARAZCWP129462A97F1,Bob Marley,Riding High,reggae,B-Boy Bouillabaisse: A.W.O.L. (2009 Digital Remaster),Interlude 5,It Ain't About You,Quills,Get Fresh,My Ride,Get Fresh,Cherry Ball Blues,Sunshine Highway (Album Version),Get Fresh,Quills,My Ride
TRDXHIR128F930E030,SOZKMVA12CF5F87636,ARAZCWP129462A97F1,Bob Marley,Soul Shakedown,reggae,It's A Party,Bassment Party,Let's All Get Drunk,It's A Party,(Why Did I Tell You I Was Going To) Shanghai,Long Live The Party,Ringa Ding Ding,(Why Did I Tell You I Was Going To) Shanghai,Long Live The Party,Ringa Ding Ding,(Why Did I Tell You I Was Going To) Shanghai,Long Live The Party
TRDTEUX12903CB4AD7,SOQJCXI12CF5F883FC,ARAZCWP129462A97F1,Bob Marley & The Wailers,Trenchtown Rock,reggae,Interlude 5,Overdose (Album Version),Slam,Sound Check,Slam Harder,Slam,Sound Check,We Gonna Rock,Turn Up The Music,Sound Check,Turn Up The Music,We Gonna Rock
TRVTZTY128E0781E22,SOQUOKX12A6310D863,ARNF13I1187FB562A5,Massive Attack,Eternal Feedback (Sly),reggae,Interlude 5,B-Boy Bouillabaisse: A.W.O.L. (2009 Digital Remaster),I Love U In Me ( LP Version),Interlude 5,Heaven Sent,L-I-F-E,Your Emotions,Down To Your Last One More,From December,Your Emotions,Down To Your Last One More,From December
TRORKSH128F9320C21,SOOLUCH12A6310E8B5,ARAZCWP129462A97F1,Bob Marley & The Wailers,Black Progress,reggae,Fight The Power,Find A Way,No Remorse (Album Version),Fight The Power,Find A Way,I'm Ready,Handsworth Revolution,Fight The Power,I'm Ready,Handsworth Revolution,Fight The Power,I'm Ready
TRGEMSN128E07944A8,SOKCEXR12A6701C3EB,ARAZCWP129462A97F1,Bob Marley & The Wailers,Reggae On Broadway,reggae,Touch Me,Naked,Interlude 5,Touch Me,Naked,Do The Bartman,Give Me What I Want (LP Version),Alamo,Baby I Need Your Love,Give Me What I Want (LP Version),Baby I Need Your Love,Naked
TRQMVYN128F4250E38,SOPYZTH12A8C135090,ARAZCWP129462A97F1,Bob Marley,Rebels Hop,reggae,No Water,I Mean (I Don't Mean It),Interlude 5,No Water,I Mean (I Don't Mean It),All Along The Water,No Water,Rubylove,All Along The Water,No Water,Silence,Sweet Inspiration
TRDJCNG128F9339544,SOKMGXA12A8C1447B6,ARAZCWP129462A97F1,Bob Marley,Stop The Train,reggae,B-Boy Bouillabaisse: A.W.O.L. (2009 Digital Remaster),Interlude 5,Trife Life,Northern Bound Train,Peace Train,Tradewinds (LP Version),This Train,Northern Bound Train,Ridin Home,This Train,Northern Bound Train,Ridin Home
TRVSWGN12903CB4A44,SOIVBAC12AB0186BFF,ARAZCWP129462A97F1,Bob Marley & The Wailers,This Train,reggae,City To City,B-Boy Bouillabaisse: A.W.O.L. (2009 Digital Remaster),Peace Train,City To City,Peace Train,Stop The Train,Ridin Home,City To City,Black Train Blues,Ridin Home,City To City,Black Train Blues
TRNJPBY128F92F621A,SOZQGAL12AB01856DB,ARLSC551187B99C55C,N-Dubz,Defeat You,reggae,Feva Las Vegas,Still On It,Sinan Capudan Pascià,Feva Las Vegas,Still On It,Sinan Capudan Pascià,Feva Las Vegas,Mury,Saturday Morning,Feva Las Vegas,Still On It,Saturday Morning
TRINMBD128F92F6211,SOBUZCT12AB0181786,ARLSC551187B99C55C,N-Dubz,Don't Get Nine,reggae,Interlude 5,B-Boy Bouillabaisse: A.W.O.L. (2009 Digital Remaster),8 Mile,Interlude 5,The Illest Brother,Getting Over You,Getting Over You,I Like It (Remix),You Are The Only One I Love,Getting Over You,The Illest Brother,Club Megamix
TRRKBRB128EF35E2DA,SOPZQDB12A6D4F5D62,ARLSC551187B99C55C,N-Dubz,Feva Las Vegas,reggae,Interlude 5,Defeat You,Still On It,Defeat You,Still On It,Sinan Capudan Pascià,N Digga Dee,Defeat You,Leave The Lights On (Album Version),Defeat You,N Digga Dee,Still On It
TRYPJXU128F92F621C,SOQPAPP12AB01856E3,ARLSC551187B99C55C,N-Dubz,Secrets,reggae,Interlude 5,B-Boy Bouillabaisse: A.W.O.L. (2009 Digital Remaster),8 Mile,Interlude 5,Find A Way,Work Work,Blackout,Why Doesn't Anybody Like Me?,The Man In You,Interlude 5,The Man In You,Why Doesn't Anybody Like Me?
TRGNBCC128F92F6218,SOYFJUA12AB01856D2,ARLSC551187B99C55C,N-Dubz,Work Work,reggae,Interlude 5,Ice Is Workin' It,B-Boy Bouillabaisse: A.W.O.L. (2009 Digital Remaster),Ice Is Workin' It,Interlude 5,Passin' Me By,Don't We All Have the Right,Ice Is Workin' It,I Want You To Know,Ice Is Workin' It,Passin' Me By,Interlude 5
TRDNAVT128F428A246,SOSCPLZ12A8C1394B1,ARD2NDU1187B99B615,Dropkick Murphys,Good Rats (Live),reggae,B-Boy Bouillabaisse: A.W.O.L. (2009 Digital Remaster),Interlude 5,Snoopafella (Edited),Snoopafella (Edited),Old Hippie,The Strawberry Roan,Tennessee Flat Top Box,Roosevelt And Ira Lee,Old Hippie,Old Hippie,Roosevelt And Ira Lee,Snoopafella (Edited)
TRRHCOS128F4248193,SOCUAWC12A8C1310A4,ARPK4HR1187B9A289D,Tito El Bambino,Sol_ Playa Y Arena,reggae,Dale tiempo al rumor,Cantando,La ciudad nunca duerme,Dale tiempo al rumor,Cantando,La ciudad nunca duerme,La Carencia,Ayudame Freud,El Arado,La Carencia,Ayudame Freud,El Arado
TRFGOUF128F9348838,SONUORR12AB018724D,AR1WWVL1187B9B0306,UB40,I Don't Want To See You Cry,reggae,One Good Time,B-Boy Bouillabaisse: A.W.O.L. (2009 Digital Remaster),Interlude 5,One Good Time,Words Get In The Way,Just For You,Just For You,Words Get In The Way,After You've Gone (live),Just For You,Words Get In The Way,One Good Time
TRQLICG12903CBFAFD,SOGXHTF12A58A7C7E8,AR1WWVL1187B9B0306,UB40,Come Back Darling,reggae,My Darling,Piece Of My Heart,This Empty Place,My Darling,This Empty Place,Piece Of My Heart,My Special Prayer,My Dearest Darling,Stir It Up,My Special Prayer,My Dearest Darling,Stir It Up
TREKDZI128F146A972,SOLFMIZ12A6D4F8330,AR1WWVL1187B9B0306,UB40,Here I Am (Come And Take Me),reggae,Interlude 5,B-Boy Bouillabaisse: A.W.O.L. (2009 Digital Remaster),Hold Me Down (Album Version),Hold Me Down (Album Version),Fantastic,Checkin' On Me,Hump Bounce,You Shouldn't Call The Doctor (If You Can't Afford The Bills),Where Did Our Love Go,Hump Bounce,You Shouldn't Call The Doctor (If You Can't Afford The Bills),Fantastic
TRJDXEG128E07820DB,SOZPNNF12A6310D8B1,AR1WWVL1187B9B0306,UB40,Light My Fire,reggae,B-Boy Bouillabaisse: A.W.O.L. (2009 Digital Remaster),Set It Off,Club Megamix,Set It Off,Ariana,Buk-In-Hamm Palace (2002 Digital Remaster),Say After Me,Buk-In-Hamm Palace (2002 Digital Remaster),Ariana,Say After Me,Buk-In-Hamm Palace (2002 Digital Remaster),Ariana
TRKHYKB128E0789D42,SOHQEMS12A6701C57C,ARJ7KF01187B98D717,Coldplay,Til Kingdom Come,rock,Interlude 5,B-Boy Bouillabaisse: A.W.O.L. (2009 Digital Remaster),I Know You Got Soul,Tell You Something (Nana's Reprise),Which Way To Free?,Wanna Play,Which Way To Free?,Look What You've Done For Me,Until My Dreams Come True,Which Way To Free?,Look What You've Done For Me,Until My Dreams Come True
TRDVELE128F932810A,SOIHOTW12A8C142198,AR91C8S1187B990901,Bruce Springsteen,Brothers Under The Bridges ('83),rock,B-Boy Bouillabaisse: A.W.O.L. (2009 Digital Remaster),Snoopafella (Edited),Interlude 5,Snoopafella (Edited),Just Another Brother,Mortal City,Ashgrove,Savoy Brown Boogie,Snoopafella (Edited),Snoopafella (Edited),Ashgrove,El Paso
TRCONIY128F932A7DA,SOEFSBZ12A8C1359C4,AR91C8S1187B990901,Bruce Springsteen,The Big Payback,rock,B-Boy Bouillabaisse: A.W.O.L. (2009 Digital Remaster),Interlude 5,Overdose (Album Version),Luv Me Up,B-Boy Bouillabaisse: A.W.O.L. (2009 Digital Remaster),Ice Is Workin' It,Nosey Joe,God Damn Job,Stop The Train,Nosey Joe,God Damn Job,Survival Song
TRWULBB128F42670A3,SOFVHKR12A8C1325B4,AR91C8S1187B990901,Bruce Springsteen,The Ties That Bind,rock,B-Boy Bouillabaisse: A.W.O.L. (2009 Digital Remaster),Interlude 5,Keep Your Shit The Hardest,Getting Late,5 Miles To Empty,Crazy Cool,That's My Baby,Cry For Me,Walk In My Shadow,That's My Baby,Cry For Me,Getting Late
TROQFYY128F429DBA0,SOBNUTR12A8C140BE8,ARVG4OK1187B9B6BD3,The Killers,Sam's Town,rock,B-Boy Bouillabaisse: A.W.O.L. (2009 Digital Remaster),Interlude 5,My Darling,B-Boy Bouillabaisse: A.W.O.L. (2009 Digital Remaster),Remember Me,Man In The Mirror,You Had Me (Live),B-Boy Bouillabaisse: A.W.O.L. (2009 Digital Remaster),This World,B-Boy Bouillabaisse: A.W.O.L. (2009 Digital Remaster),You Had Me (Live),Fancy
TRHFADH128F92E2BE3,SOKCLGX12A67ADD6BF,ARR3ONV1187B9A2F59,Muse,Pink Ego Box,rock,B-Boy Bouillabaisse: A.W.O.L. (2009 Digital Remaster),That's How I Beat Shaq,Interlude 5,That's How I Beat Shaq,Have You Seen Her,Inside,Albedo 0.39,Un Giorno Per Noi (Album Version),Feel The Beat,Albedo 0.39,Inside,Get Into My Groove
TROAQBZ128F9326213,SONYKOW12AB01849C9,AR73S4G1187B9A03C2,OneRepublic,Secrets,rock,B-Boy Bouillabaisse: A.W.O.L. (2009 Digital Remaster),Interlude 5,8 Mile,Shoulda Put Something On,Club Megamix,like you to me,I'm Gonna Be The First One,Secret Life,In My Secret Life,I'm Gonna Be The First One,Secret Life,Club Megamix
TRVZCTL128E078F0BE,SOMBDFC12A67FFB370,ARDVZTE1187FB5A0A1,Bon Jovi,Come Back,rock,B-Boy Bouillabaisse: A.W.O.L. (2009 Digital Remaster),Interlude 5,My Darling,I'm Still Waiting,Whatever You Want (LP Version),Club Megamix,One More Day,It All Comes Down To Love (Interlude),Only When ur Lonely,Only When ur Lonely,One More Day,Whatever You Want (LP Version)
TRAERPT128F931103E,SODLKUO12A8C13CA35,ARFCUN31187B9AD578,The Rolling Stones,Time Is On My Side,rock,Interlude 5,Close My Eyes,B-Boy Bouillabaisse: A.W.O.L. (2009 Digital Remaster),A Song For Mama,Baby Come Back,Day Of The Eagle,Anytime,Baby Come Back,A Song For Mama,Anytime,Baby Come Back,A Song For Mama
TRQXTQT128E0781DA7,SOOPTNE12A58A7A9C2,ARFCUN31187B9AD578,The Rolling Stones,Fight (1994 Digital Remaster),rock,Fight The Power,B-Boy Bouillabaisse: A.W.O.L. (2009 Digital Remaster),8 Mile,Fight The Power,TiK ToK,Shadow of Doubt,Fight The Power,Protest Beat,Something's Gotta Give,Fight The Power,Protest Beat,Something's Gotta Give
TRAUYZG12903CDA4E9,SOFZXTF12AB018D64B,ARDVZTE1187FB5A0A1,Bon Jovi,This Ain't A Love Song,rock,Interlude 5,One Good Time,B-Boy Bouillabaisse: A.W.O.L. (2009 Digital Remaster),I Want You,Work Work,One Good Time,The Innocence Spilled,I Want You,Fee Fie Foe Fum,I Want You,Fee Fie Foe Fum,They Were Wrong
TRGESLP12903CE31C8,SORXQLX12AB018DCD0,ARDVZTE1187FB5A0A1,Bon Jovi,Superman Tonight,rock,B-Boy Bouillabaisse: A.W.O.L. (2009 Digital Remaster),Interlude 5,8 Mile,Let's All Get Drunk,Don't Fall Apart On Me Tonight,Night Light,Beauty Lies Within,Other Side of Day,Praise Me,Beauty Lies Within,Other Side of Day,Don't Fall Apart On Me Tonight
TRPAYRK128E0792986,SOINXHP12AF729AF64,ARM7EDF1187B9B3FA1,Guns N' Roses,Bad Obsession,rock,Interlude 5,Overdose (Album Version),B-Boy Bouillabaisse: A.W.O.L. (2009 Digital Remaster),Killing Time,Plumskinzz (Loose Hoe_ God & Cupid),Overdose (Album Version),Last Man In The Bar,Killing Time,Foolish,Last Man In The Bar,Killing Time,Kma Goodbye
TRKMXIA128F4299423,SOEOSFP12A8C137912,ARULZ741187B9AD2EF,Elvis Presley,Anything That's Part Of You,rock,Interlude 5,Work Work,Hair,For Your Love,Smile,Highlights,Love Don't Live Here,Love Don't Live Here Anymore,Smile,Love Don't Live Here,Love Don't Live Here Anymore,Smile
TRTQRHY128F4241AFD,SORQYLM12A8C132BCF,ARCVKG01187B9B3273,Flyleaf,So I Thought,rock,Interlude 5,B-Boy Bouillabaisse: A.W.O.L. (2009 Digital Remaster),The Truth,The Truth,Nothing Lasts Forever,Interlude 5,Don't Call Me Peanut,With Love (Remember),Song For The Rich,Don't Call Me Peanut,Song For The Rich,With Love (Remember)
TRXIEYZ128E078891B,SOQQWFI12A67020F95,ARN5NHX1187FB4F755,The Smashing Pumpkins,You're All I've Got Tonight,rock,I Didn't Know That You Cared,Let's All Get Drunk,Out of Character,I Didn't Know That You Cared,Someone i care about,Alright,I Didn't Know That You Cared,Someone i care about,Who Cares (So Long As You Care For Me),I Didn't Know That You Cared,Someone i care about,It's Alright
TRTGMIX128EF35E2B9,SOBEQEO12A6D4F6589,ARVN9FZ1187FB393F1,Snow Patrol,Signal Fire,rock,Diamonds From Sierra Leone,Interlude 5,Trife Life,I Still Love You,Diamonds From Sierra Leone,Elements,There You Are,Forever,Remember Me_ Oh God_ For Good,There You Are,Forever,Remember Me_ Oh God_ For Good
TRHPKWO128F92E01D5,SOSRIAT12AB017A92E,ARVN9FZ1187FB393F1,Snow Patrol,The Lightning Strike,rock,Interlude 5,8 Mile,The Hourglass,The Hourglass,One of Us,8 Mile,This Respirator,Towards The Northern Star,Mastering The World's Smallest Violin,This Respirator,Mastering The World's Smallest Violin,The Hourglass
TRDMUWU128E078EDDB,SOSXSMM12B0B808B45,ARH3S5S1187FB4F76B,Nirvana,Dumb,rock,Happy Boys & Girls,All About U,H.A.P.P.Y. Radio,Happy Boys & Girls,H.A.P.P.Y. Radio,That's When The Music Takes Me,That's When The Music Takes Me,Snowflakes Of Love,Happy Boys & Girls,That's When The Music Takes Me,Snowflakes Of Love,Happy Boys & Girls
TRXEAZB128E078EDCE,SOCUARC12A6701E94D,ARH3S5S1187FB4F76B,Nirvana,Something In The Way,rock,Thinking About You,It Ain't About You,The Easy Spell,Thinking About You,The Easy Spell,Slow Motion,Out On The Western Plain,I'm Cool,London Boys,Out On The Western Plain,I'm Cool,London Boys
TRLKNKC128F42BC213,SOBDDMF12A8C142F73,ART3U3E1187B99B1B8,Switchfoot,Oh! Gravity.,rock,B-Boy Bouillabaisse: A.W.O.L. (2009 Digital Remaster),Interlude 5,Carry On,Carry On,Next Door Neighbour,La Di Da Da Da,Can We All Come Together,Brand New Key,Next Door Neighbour,Can We All Come Together,Next Door Neighbour,Brand New Key
TRVQBRZ128F423EEDC,SOLTQZY12A8C13262F,AR8V1WA1187B9AD9E9,The White Stripes,Hotel Yorba,rock,Interlude 5,B-Boy Bouillabaisse: A.W.O.L. (2009 Digital Remaster),Do The Bartman,Interlude 5,Dirty Money,Do The Bartman,Merrymaking At My Place,I've Got This Feeling,Dirty Man,Albee Square Mall,Interlude 5,Merrymaking At My Place
TRBNXZS12903D0A686,SOECMVP12AB018584E,AR8V1WA1187B9AD9E9,The White Stripes,Prickly Thorn_ But Sweetly Worn (Live),rock,I Love U In Me ( LP Version),Closer To You,Interlude 5,Burbujas De Amor,Empress,I Can See An Angel,Aureus,Gammal sång,You're My Angel,Aureus,You're My Angel,Gammal sång
TRGGBKA128F428E461,SOUOWLT12B0B8090EE,AR8V1WA1187B9AD9E9,The White Stripes,St. Andrew (This Battle Is In The Air),rock,I Love U In Me ( LP Version),When I Needed an Angel,Wandering Child,When I Needed an Angel,Wandering Child,Sound Check,When I Needed an Angel,Wandering Child,You're My Angel,When I Needed an Angel,Wandering Child,You're My Angel
TRICQHX128F93269FC,SOCBJHG12AB018221C,ARHWR8B1187FB557D3,The Decemberists,I Was Meant For the Stage,rock,My Darling,Trife Life,You Left Me,You Left Me,Cry,Can't Get You Off My Mind,Stavesail,20th Century,Lentil (Live),20th Century,Stavesail,Lentil (Live)
TRAFWEV128F428D391,SOLUABP12AF72A2CD2,ARQRQRA12131B4B5A8,Cake,Alpha Beta Parking Lot,rock,Breathing,It Ain't About You,Expansion Team Theme,Breathing,I Gotcha (Amended Album Version),Baby Day,Enemmän,Sitä jotakin,When The Lights Go Out,Enemmän,When The Lights Go Out,Sitä jotakin
TRJRIBM128E0788E18,SODMWLI12AF72A4B62,ARN5NHX1187FB4F755,The Smashing Pumpkins,An Ode To No One,rock,My Darling,B-Boy Bouillabaisse: A.W.O.L. (2009 Digital Remaster),Interlude 5,My Darling,A8,Real Love,Sixteen,Come Back,Anytime,Sixteen,Come Back,Anytime
TRIVTJA128F92C1E80,SOITHUR12D021B2253,AR4EQ231187B99368F,The Fray,Over My Head (Cable Car),rock,B-Boy Bouillabaisse: A.W.O.L. (2009 Digital Remaster),Interlude 5,Sex,Sex,Seconds Away,Kill The President,Beyond The Visible Spectrum,Seconds Away,Detox,Sex,Beyond The Visible Spectrum,Sweetwater Texas
TRFLRXQ128F4280CCC,SOSUBHV12AF72A4220,ARNBMT71187B993523,Interpol,No I In Threesome,rock,Interlude 5,Just Right,B-Boy Bouillabaisse: A.W.O.L. (2009 Digital Remaster),Baby We've Got A Date (Rock It Baby),Just Right,Day And Night,The Street And Babe Shadow,Baby We've Got A Date (Rock It Baby),Day And Night,Day And Night,Baby We've Got A Date (Rock It Baby),The Street And Babe Shadow
TRYBPGK128F4255BE3,SOMZRXL12A81C224B9,ARNBMT71187B993523,Interpol,Pace Is The Trick,rock,She Luv It,Mamacita,B-Boy Bouillabaisse: A.W.O.L. (2009 Digital Remaster),Mamacita,She Luv It,I'll Make Love To You,Today,Mamacita,Saturday Come Slow,Today,Mamacita,Love Don't Do
TRGXNCJ128F425FB1C,SOMUPLQ12A8C137A19,ARD4C1I1187FB4B0C3,Pink Floyd,Embryo,rock,Cancel (Album Version),Releasing Hypnotical Gases,8 Mile,Cancel (Album Version),Releasing Hypnotical Gases,Bak Bone,Re-Evolute,Viva ! blunt force trauma,Cancel (Album Version),Re-Evolute,Viva ! blunt force trauma,Cancel (Album Version)
TRFNRGN128E0791E0E,SOWIUZN12AF72A8206,AROAILX1187FB3F858,Buckcherry,Borderline,rock,The Easy Spell,It Ain't About You,B-Boy Bouillabaisse: A.W.O.L. (2009 Digital Remaster),The Easy Spell,Thinking About You,Shock Dat Monkey,Out On The Western Plain,London Boys,My Bucket's Got a Hole In It (2006 Remastered Live Version),Out On The Western Plain,London Boys,My Bucket's Got a Hole In It (2006 Remastered Live Version)
TROLTZX128E0791C1A,SOJMWLO12CF5CFD711,ARK9TRQ1187B99C095,Nine Inch Nails,March Of The Pigs,rock,She Ain't Afraid,Interlude 5,like you to me,She Ain't Afraid,like you to me,Let's Do This Now,Do What You Do,Let's Do This Now,Back For A Taste Of Your Love,Do What You Do,Let's Do This Now,like you to me
TRJZZCN128E07938C5,SOCKPDE12A8C142F18,ARK9TRQ1187B99C095,Nine Inch Nails,Burn,rock,Interlude 5,8 Mile,Curse,Re-Birth,Crazy World,Burning Bridges,A Fire In Babylon,Crazy World,Part Of The Process,A Fire In Babylon,Crazy World,Part Of The Process
TRCZLLQ128E0792778,SOQQTFV12A6701C5F6,ARK9TRQ1187B99C095,Nine Inch Nails,Something I Can Never Have,rock,Interlude 5,8 Mile,B-Boy Bouillabaisse: A.W.O.L. (2009 Digital Remaster),Interlude 5,The Right to Write Me Off,Overcome,You're Not Supposed To,Get It Right (Album Version),Overcome,Get It Right (Album Version),Overcome,You're Not Supposed To
TRUIAKW128F428C787,SOKFHMY12A8C13EB40,AR16GSC1187B9A6291,Eagles,It's Your World Now,rock,B-Boy Bouillabaisse: A.W.O.L. (2009 Digital Remaster),Interlude 5,Club Megamix,Lentil (Live),Club Megamix,Passin' Me By,Lentil (Live),Ribbon Of Darkness,Beauty And The Beast,Lentil (Live),Beauty And The Beast,Ribbon Of Darkness
TRCRHFK128F427FD8F,SOLBZDL12CF5F88BE5,AR5FP401187FB523C9,Bob Dylan,Something There Is About You,rock,B-Boy Bouillabaisse: A.W.O.L. (2009 Digital Remaster),Interlude 5,The Hourglass,My Story,B-Boy Bouillabaisse: A.W.O.L. (2009 Digital Remaster),The Truth,All Over Again,How Great Thou Art,Paint or Pollen,My Story,Hook,Rotten Apple Pie
TRMOUUU128F14ADE16,SOJFEHH12A6BD546BE,ART1UFU1187FB4C9B6,Hawk Nelson,From Underneath,rock,Interlude 5,B-Boy Bouillabaisse: A.W.O.L. (2009 Digital Remaster),8 Mile,Interlude 5,Can't Let Go,Freezin In The Cold,New Generation,Dave's Friend,Me And The Devil,Me And The Devil,New Generation,Dave's Friend
TRCURQD128F427C75B,SORFOFF12A8C13B65E,ART1UFU1187FB4C9B6,Hawk Nelson,Turn It On,rock,Interlude 5,Tell You Something (Nana's Reprise),B-Boy Bouillabaisse: A.W.O.L. (2009 Digital Remaster),Tell You Something (Nana's Reprise),Wanna Play,Oh Jerusalem,Turn,Tell You Something (Nana's Reprise),Soon Forward,Turn,Tell You Something (Nana's Reprise),100% Pure Love
TRRKJGZ128F148128F,SOAQCXS12D02191FC1,ART1UFU1187FB4C9B6,Hawk Nelson,Something On My Mind,rock,B-Boy Bouillabaisse: A.W.O.L. (2009 Digital Remaster),Interlude 5,8 Mile,B-Boy Bouillabaisse: A.W.O.L. (2009 Digital Remaster),Man In The Mirror,Diamonds From Sierra Leone,On My Mind,Valentine,I Like It (Remix),On My Mind,Valentine,I Like It (Remix)
